Device,Device color,Grey,Region,Regions color,Id
Emulator,#F61C85,#D1D1D1,Asia,#5651FF,P157635
Emulator,#F61C85,#D1D1D1,Asia,#5651FF,P196488
Emulator,#F61C85,#D1D1D1,Asia,#5651FF,P204497
Emulator,#F61C85,#D1D1D1,Asia,#5651FF,P324769
Emulator,#F61C85,#D1D1D1,Asia,#5651FF,P371856
Emulator,#F61C85,#D1D1D1,Asia,#5651FF,P474931
Emulator,#F61C85,#D1D1D1,Asia,#5651FF,P488736
Emulator,#F61C85,#D1D1D1,Asia,#5651FF,P529524
Emulator,#F61C85,#D1D1D1,Asia,#5651FF,P537828
Emulator,#F61C85,#D1D1D1,Asia,#5651FF,P543563
Emulator,#F61C85,#D1D1D1,Asia,#5651FF,P589695
Emulator,#F61C85,#D1D1D1,Asia,#5651FF,P656876
Emulator,#F61C85,#D1D1D1,Asia,#5651FF,P659633
Emulator,#F61C85,#D1D1D1,Asia,#5651FF,P692370
Emulator,#F61C85,#D1D1D1,Asia,#5651FF,P732691
Emulator,#F61C85,#D1D1D1,Asia,#5651FF,P822720
Emulator,#F61C85,#D1D1D1,Asia,#5651FF,P86530
Emulator,#F61C85,#D1D1D1,Asia,#5651FF,P96536
Emulator,#F61C85,#D1D1D1,Europe,#F61C85,P29256
Emulator,#F61C85,#D1D1D1,Europe,#F61C85,P333358
Emulator,#F61C85,#D1D1D1,Europe,#F61C85,P388494
Emulator,#F61C85,#D1D1D1,Europe,#F61C85,P408359
Emulator,#F61C85,#D1D1D1,Europe,#F61C85,P695372
Emulator,#F61C85,#D1D1D1,Europe,#F61C85,P742116
Emulator,#F61C85,#D1D1D1,America,#00DABB,P77418
Emulator,#F61C85,#D1D1D1,America,#00DABB,P965252
Emulator,#F61C85,#D1D1D1,America,#00DABB,P9652521
Emulator,#F61C85,#D1D1D1,America,#00DABB,P96525212
Emulator,#F61C85,#D1D1D1,America,#00DABB,P965252122
Mobile,#5651FF,#D1D1D1,America,#00DABB,P100962
Mobile,#5651FF,#D1D1D1,America,#00DABB,P108083
Mobile,#5651FF,#D1D1D1,America,#00DABB,P109180
Mobile,#5651FF,#D1D1D1,America,#00DABB,P117470
Mobile,#5651FF,#D1D1D1,America,#00DABB,P122336
Mobile,#5651FF,#D1D1D1,America,#00DABB,P122785
Mobile,#5651FF,#D1D1D1,America,#00DABB,P123303
Mobile,#5651FF,#D1D1D1,America,#00DABB,P128301
Mobile,#5651FF,#D1D1D1,America,#00DABB,P129770
Mobile,#5651FF,#D1D1D1,America,#00DABB,P131803
Mobile,#5651FF,#D1D1D1,America,#00DABB,P134229
Mobile,#5651FF,#D1D1D1,America,#00DABB,P147069
Mobile,#5651FF,#D1D1D1,America,#00DABB,P153230
Mobile,#5651FF,#D1D1D1,America,#00DABB,P153681
Mobile,#5651FF,#D1D1D1,America,#00DABB,P155230
Mobile,#5651FF,#D1D1D1,America,#00DABB,P161050
Mobile,#5651FF,#D1D1D1,America,#00DABB,P164016
Mobile,#5651FF,#D1D1D1,America,#00DABB,P175759
Mobile,#5651FF,#D1D1D1,America,#00DABB,P177218
Mobile,#5651FF,#D1D1D1,America,#00DABB,P177832
Mobile,#5651FF,#D1D1D1,America,#00DABB,P179904
Mobile,#5651FF,#D1D1D1,America,#00DABB,P184848
Mobile,#5651FF,#D1D1D1,America,#00DABB,P187374
Mobile,#5651FF,#D1D1D1,America,#00DABB,P188093
Mobile,#5651FF,#D1D1D1,America,#00DABB,P189133
Mobile,#5651FF,#D1D1D1,America,#00DABB,P190224
Mobile,#5651FF,#D1D1D1,America,#00DABB,P19023
Mobile,#5651FF,#D1D1D1,America,#00DABB,P192852
Mobile,#5651FF,#D1D1D1,America,#00DABB,P193358
Mobile,#5651FF,#D1D1D1,America,#00DABB,P193665
Mobile,#5651FF,#D1D1D1,America,#00DABB,P194040
Mobile,#5651FF,#D1D1D1,America,#00DABB,P199160
Mobile,#5651FF,#D1D1D1,America,#00DABB,P207350
Mobile,#5651FF,#D1D1D1,America,#00DABB,P209579
Mobile,#5651FF,#D1D1D1,America,#00DABB,P228625
Mobile,#5651FF,#D1D1D1,America,#00DABB,P230906
Mobile,#5651FF,#D1D1D1,America,#00DABB,P233920
Mobile,#5651FF,#D1D1D1,America,#00DABB,P234012
Mobile,#5651FF,#D1D1D1,America,#00DABB,P238380
Mobile,#5651FF,#D1D1D1,America,#00DABB,P239108
Mobile,#5651FF,#D1D1D1,America,#00DABB,P241461
Mobile,#5651FF,#D1D1D1,America,#00DABB,P242966
Mobile,#5651FF,#D1D1D1,America,#00DABB,P24610
Mobile,#5651FF,#D1D1D1,America,#00DABB,P252926
Mobile,#5651FF,#D1D1D1,America,#00DABB,P257448
Mobile,#5651FF,#D1D1D1,America,#00DABB,P259729
Mobile,#5651FF,#D1D1D1,America,#00DABB,P262677
Mobile,#5651FF,#D1D1D1,America,#00DABB,P262965
Mobile,#5651FF,#D1D1D1,America,#00DABB,P267349
Mobile,#5651FF,#D1D1D1,America,#00DABB,P281236
Mobile,#5651FF,#D1D1D1,America,#00DABB,P28263
Mobile,#5651FF,#D1D1D1,America,#00DABB,P28699
Mobile,#5651FF,#D1D1D1,America,#00DABB,P289006
Mobile,#5651FF,#D1D1D1,America,#00DABB,P29005
Mobile,#5651FF,#D1D1D1,America,#00DABB,P290790
Mobile,#5651FF,#D1D1D1,America,#00DABB,P29135
Mobile,#5651FF,#D1D1D1,America,#00DABB,P292674
Mobile,#5651FF,#D1D1D1,America,#00DABB,P296049
Mobile,#5651FF,#D1D1D1,America,#00DABB,P297151
Mobile,#5651FF,#D1D1D1,America,#00DABB,P300563
Mobile,#5651FF,#D1D1D1,America,#00DABB,P303881
Mobile,#5651FF,#D1D1D1,America,#00DABB,P30407
Mobile,#5651FF,#D1D1D1,America,#00DABB,P308441
Mobile,#5651FF,#D1D1D1,America,#00DABB,P313236
Mobile,#5651FF,#D1D1D1,America,#00DABB,P31524
Mobile,#5651FF,#D1D1D1,America,#00DABB,P315280
Mobile,#5651FF,#D1D1D1,America,#00DABB,P316600
Mobile,#5651FF,#D1D1D1,America,#00DABB,P317169
Mobile,#5651FF,#D1D1D1,America,#00DABB,P320779
Mobile,#5651FF,#D1D1D1,America,#00DABB,P323719
Mobile,#5651FF,#D1D1D1,America,#00DABB,P327243
Mobile,#5651FF,#D1D1D1,America,#00DABB,P327389
Mobile,#5651FF,#D1D1D1,America,#00DABB,P328176
Mobile,#5651FF,#D1D1D1,America,#00DABB,P3329
Mobile,#5651FF,#D1D1D1,America,#00DABB,P33291
Mobile,#5651FF,#D1D1D1,America,#00DABB,P333806
Mobile,#5651FF,#D1D1D1,America,#00DABB,P33395
Mobile,#5651FF,#D1D1D1,America,#00DABB,P334285
Mobile,#5651FF,#D1D1D1,America,#00DABB,P351464
Mobile,#5651FF,#D1D1D1,America,#00DABB,P352401
Mobile,#5651FF,#D1D1D1,America,#00DABB,P355636
Mobile,#5651FF,#D1D1D1,America,#00DABB,P356812
Mobile,#5651FF,#D1D1D1,America,#00DABB,P361024
Mobile,#5651FF,#D1D1D1,America,#00DABB,P361919
Mobile,#5651FF,#D1D1D1,America,#00DABB,P363187
Mobile,#5651FF,#D1D1D1,America,#00DABB,P364207
Mobile,#5651FF,#D1D1D1,America,#00DABB,P36699
Mobile,#5651FF,#D1D1D1,America,#00DABB,P371000
Mobile,#5651FF,#D1D1D1,America,#00DABB,P373784
Mobile,#5651FF,#D1D1D1,America,#00DABB,P375623
Mobile,#5651FF,#D1D1D1,America,#00DABB,P379733
Mobile,#5651FF,#D1D1D1,America,#00DABB,P380206
Mobile,#5651FF,#D1D1D1,America,#00DABB,P381277
Mobile,#5651FF,#D1D1D1,America,#00DABB,P382066
Mobile,#5651FF,#D1D1D1,America,#00DABB,P382979
Mobile,#5651FF,#D1D1D1,America,#00DABB,P383736
Mobile,#5651FF,#D1D1D1,America,#00DABB,P386344
Mobile,#5651FF,#D1D1D1,America,#00DABB,P386915
Mobile,#5651FF,#D1D1D1,America,#00DABB,P38928
Mobile,#5651FF,#D1D1D1,America,#00DABB,P390923
Mobile,#5651FF,#D1D1D1,America,#00DABB,P402943
Mobile,#5651FF,#D1D1D1,America,#00DABB,P403409
Mobile,#5651FF,#D1D1D1,America,#00DABB,P404886
Mobile,#5651FF,#D1D1D1,America,#00DABB,P409600
Mobile,#5651FF,#D1D1D1,America,#00DABB,P415010
Mobile,#5651FF,#D1D1D1,America,#00DABB,P415808
Mobile,#5651FF,#D1D1D1,America,#00DABB,P430097
Mobile,#5651FF,#D1D1D1,America,#00DABB,P431823
Mobile,#5651FF,#D1D1D1,America,#00DABB,P437030
Mobile,#5651FF,#D1D1D1,America,#00DABB,P437772
Mobile,#5651FF,#D1D1D1,America,#00DABB,P443730
Mobile,#5651FF,#D1D1D1,America,#00DABB,P44424
Mobile,#5651FF,#D1D1D1,America,#00DABB,P447743
Mobile,#5651FF,#D1D1D1,America,#00DABB,P456042
Mobile,#5651FF,#D1D1D1,America,#00DABB,P461488
Mobile,#5651FF,#D1D1D1,America,#00DABB,P463671
Mobile,#5651FF,#D1D1D1,America,#00DABB,P464617
Mobile,#5651FF,#D1D1D1,America,#00DABB,P465965
Mobile,#5651FF,#D1D1D1,America,#00DABB,P469189
Mobile,#5651FF,#D1D1D1,America,#00DABB,P477664
Mobile,#5651FF,#D1D1D1,America,#00DABB,P477970
Mobile,#5651FF,#D1D1D1,America,#00DABB,P478453
Mobile,#5651FF,#D1D1D1,America,#00DABB,P490974
Mobile,#5651FF,#D1D1D1,America,#00DABB,P492867
Mobile,#5651FF,#D1D1D1,America,#00DABB,P499296
Mobile,#5651FF,#D1D1D1,America,#00DABB,P501861
Mobile,#5651FF,#D1D1D1,America,#00DABB,P505204
Mobile,#5651FF,#D1D1D1,America,#00DABB,P505851
Mobile,#5651FF,#D1D1D1,America,#00DABB,P518590
Mobile,#5651FF,#D1D1D1,America,#00DABB,P520791
Mobile,#5651FF,#D1D1D1,America,#00DABB,P521581
Mobile,#5651FF,#D1D1D1,America,#00DABB,P522104
Mobile,#5651FF,#D1D1D1,America,#00DABB,P522126
Mobile,#5651FF,#D1D1D1,America,#00DABB,P52274
Mobile,#5651FF,#D1D1D1,America,#00DABB,P523010
Mobile,#5651FF,#D1D1D1,America,#00DABB,P528774
Mobile,#5651FF,#D1D1D1,America,#00DABB,P530342
Mobile,#5651FF,#D1D1D1,America,#00DABB,P530838
Mobile,#5651FF,#D1D1D1,America,#00DABB,P531193
Mobile,#5651FF,#D1D1D1,America,#00DABB,P531351
Mobile,#5651FF,#D1D1D1,America,#00DABB,P534415
Mobile,#5651FF,#D1D1D1,America,#00DABB,P53497
Mobile,#5651FF,#D1D1D1,America,#00DABB,P536922
Mobile,#5651FF,#D1D1D1,America,#00DABB,P53837
Mobile,#5651FF,#D1D1D1,America,#00DABB,P539510
Mobile,#5651FF,#D1D1D1,America,#00DABB,P541061
Mobile,#5651FF,#D1D1D1,America,#00DABB,P548461
Mobile,#5651FF,#D1D1D1,America,#00DABB,P549732
Mobile,#5651FF,#D1D1D1,America,#00DABB,P556405
Mobile,#5651FF,#D1D1D1,America,#00DABB,P558149
Mobile,#5651FF,#D1D1D1,America,#00DABB,P559888
Mobile,#5651FF,#D1D1D1,America,#00DABB,P564586
Mobile,#5651FF,#D1D1D1,America,#00DABB,P566570
Mobile,#5651FF,#D1D1D1,America,#00DABB,P567051
Mobile,#5651FF,#D1D1D1,America,#00DABB,P57094
Mobile,#5651FF,#D1D1D1,America,#00DABB,P571389
Mobile,#5651FF,#D1D1D1,America,#00DABB,P585452
Mobile,#5651FF,#D1D1D1,America,#00DABB,P587930
Mobile,#5651FF,#D1D1D1,America,#00DABB,P590723
Mobile,#5651FF,#D1D1D1,America,#00DABB,P591484
Mobile,#5651FF,#D1D1D1,America,#00DABB,P593316
Mobile,#5651FF,#D1D1D1,America,#00DABB,P598603
Mobile,#5651FF,#D1D1D1,America,#00DABB,P599883
Mobile,#5651FF,#D1D1D1,America,#00DABB,P600945
Mobile,#5651FF,#D1D1D1,America,#00DABB,P603118
Mobile,#5651FF,#D1D1D1,America,#00DABB,P609822
Mobile,#5651FF,#D1D1D1,America,#00DABB,P610433
Mobile,#5651FF,#D1D1D1,America,#00DABB,P612312
Mobile,#5651FF,#D1D1D1,America,#00DABB,P642091
Mobile,#5651FF,#D1D1D1,America,#00DABB,P64763
Mobile,#5651FF,#D1D1D1,America,#00DABB,P657132
Mobile,#5651FF,#D1D1D1,America,#00DABB,P660862
Mobile,#5651FF,#D1D1D1,America,#00DABB,P663929
Mobile,#5651FF,#D1D1D1,America,#00DABB,P668294
Mobile,#5651FF,#D1D1D1,America,#00DABB,P672363
Mobile,#5651FF,#D1D1D1,America,#00DABB,P677514
Mobile,#5651FF,#D1D1D1,America,#00DABB,P678452
Mobile,#5651FF,#D1D1D1,America,#00DABB,P680487
Mobile,#5651FF,#D1D1D1,America,#00DABB,P6807
Mobile,#5651FF,#D1D1D1,America,#00DABB,P691791
Mobile,#5651FF,#D1D1D1,America,#00DABB,P695183
Mobile,#5651FF,#D1D1D1,America,#00DABB,P69767
Mobile,#5651FF,#D1D1D1,America,#00DABB,P698554
Mobile,#5651FF,#D1D1D1,America,#00DABB,P698883
Mobile,#5651FF,#D1D1D1,America,#00DABB,P700472
Mobile,#5651FF,#D1D1D1,America,#00DABB,P702551
Mobile,#5651FF,#D1D1D1,America,#00DABB,P702850
Mobile,#5651FF,#D1D1D1,America,#00DABB,P713585
Mobile,#5651FF,#D1D1D1,America,#00DABB,P716677
Mobile,#5651FF,#D1D1D1,America,#00DABB,P716872
Mobile,#5651FF,#D1D1D1,America,#00DABB,P723587
Mobile,#5651FF,#D1D1D1,America,#00DABB,P725209
Mobile,#5651FF,#D1D1D1,America,#00DABB,P726436
Mobile,#5651FF,#D1D1D1,America,#00DABB,P729940
Mobile,#5651FF,#D1D1D1,America,#00DABB,P732735
Mobile,#5651FF,#D1D1D1,America,#00DABB,P735517
Mobile,#5651FF,#D1D1D1,America,#00DABB,P742551
Mobile,#5651FF,#D1D1D1,America,#00DABB,P743525
Mobile,#5651FF,#D1D1D1,America,#00DABB,P746103
Mobile,#5651FF,#D1D1D1,America,#00DABB,P747655
Mobile,#5651FF,#D1D1D1,America,#00DABB,P754322
Mobile,#5651FF,#D1D1D1,America,#00DABB,P758194
Mobile,#5651FF,#D1D1D1,America,#00DABB,P75961
Mobile,#5651FF,#D1D1D1,America,#00DABB,P766862
Mobile,#5651FF,#D1D1D1,America,#00DABB,P772076
Mobile,#5651FF,#D1D1D1,America,#00DABB,P773992
Mobile,#5651FF,#D1D1D1,America,#00DABB,P775627
Mobile,#5651FF,#D1D1D1,America,#00DABB,P77615
Mobile,#5651FF,#D1D1D1,America,#00DABB,P780574
Mobile,#5651FF,#D1D1D1,America,#00DABB,P785600
Mobile,#5651FF,#D1D1D1,America,#00DABB,P80479
Mobile,#5651FF,#D1D1D1,America,#00DABB,P809974
Mobile,#5651FF,#D1D1D1,America,#00DABB,P811036
Mobile,#5651FF,#D1D1D1,America,#00DABB,P817325
Mobile,#5651FF,#D1D1D1,America,#00DABB,P81966
Mobile,#5651FF,#D1D1D1,America,#00DABB,P820522
Mobile,#5651FF,#D1D1D1,America,#00DABB,P823312
Mobile,#5651FF,#D1D1D1,America,#00DABB,P823698
Mobile,#5651FF,#D1D1D1,America,#00DABB,P832994
Mobile,#5651FF,#D1D1D1,America,#00DABB,P83303
Mobile,#5651FF,#D1D1D1,America,#00DABB,P835587
Mobile,#5651FF,#D1D1D1,America,#00DABB,P840153
Mobile,#5651FF,#D1D1D1,America,#00DABB,P842796
Mobile,#5651FF,#D1D1D1,America,#00DABB,P845167
Mobile,#5651FF,#D1D1D1,America,#00DABB,P852410
Mobile,#5651FF,#D1D1D1,America,#00DABB,P855610
Mobile,#5651FF,#D1D1D1,America,#00DABB,P856451
Mobile,#5651FF,#D1D1D1,America,#00DABB,P860071
Mobile,#5651FF,#D1D1D1,America,#00DABB,P860122
Mobile,#5651FF,#D1D1D1,America,#00DABB,P862134
Mobile,#5651FF,#D1D1D1,America,#00DABB,P862984
Mobile,#5651FF,#D1D1D1,America,#00DABB,P863715
Mobile,#5651FF,#D1D1D1,America,#00DABB,P865845
Mobile,#5651FF,#D1D1D1,America,#00DABB,P867558
Mobile,#5651FF,#D1D1D1,America,#00DABB,P870231
Mobile,#5651FF,#D1D1D1,America,#00DABB,P871023
Mobile,#5651FF,#D1D1D1,America,#00DABB,P87263
Mobile,#5651FF,#D1D1D1,America,#00DABB,P875534
Mobile,#5651FF,#D1D1D1,America,#00DABB,P876229
Mobile,#5651FF,#D1D1D1,America,#00DABB,P87655
Mobile,#5651FF,#D1D1D1,America,#00DABB,P878664
Mobile,#5651FF,#D1D1D1,America,#00DABB,P879696
Mobile,#5651FF,#D1D1D1,America,#00DABB,P880591
Mobile,#5651FF,#D1D1D1,America,#00DABB,P884184
Mobile,#5651FF,#D1D1D1,America,#00DABB,P887667
Mobile,#5651FF,#D1D1D1,America,#00DABB,P890905
Mobile,#5651FF,#D1D1D1,America,#00DABB,P893797
Mobile,#5651FF,#D1D1D1,America,#00DABB,P894132
Mobile,#5651FF,#D1D1D1,America,#00DABB,P89527
Mobile,#5651FF,#D1D1D1,America,#00DABB,P895816
Mobile,#5651FF,#D1D1D1,America,#00DABB,P895874
Mobile,#5651FF,#D1D1D1,America,#00DABB,P89645
Mobile,#5651FF,#D1D1D1,America,#00DABB,P897804
Mobile,#5651FF,#D1D1D1,America,#00DABB,P899018
Mobile,#5651FF,#D1D1D1,America,#00DABB,P899162
Mobile,#5651FF,#D1D1D1,America,#00DABB,P900636
Mobile,#5651FF,#D1D1D1,America,#00DABB,P904452
Mobile,#5651FF,#D1D1D1,America,#00DABB,P912632
Mobile,#5651FF,#D1D1D1,America,#00DABB,P915610
Mobile,#5651FF,#D1D1D1,America,#00DABB,P916962
Mobile,#5651FF,#D1D1D1,America,#00DABB,P919211
Mobile,#5651FF,#D1D1D1,America,#00DABB,P924703
Mobile,#5651FF,#D1D1D1,America,#00DABB,P931067
Mobile,#5651FF,#D1D1D1,America,#00DABB,P933522
Mobile,#5651FF,#D1D1D1,America,#00DABB,P93517
Mobile,#5651FF,#D1D1D1,America,#00DABB,P93666
Mobile,#5651FF,#D1D1D1,America,#00DABB,P937583
Mobile,#5651FF,#D1D1D1,America,#00DABB,P940183
Mobile,#5651FF,#D1D1D1,America,#00DABB,P953253
Mobile,#5651FF,#D1D1D1,America,#00DABB,P953651
Mobile,#5651FF,#D1D1D1,America,#00DABB,P954016
Mobile,#5651FF,#D1D1D1,America,#00DABB,P958408
Mobile,#5651FF,#D1D1D1,America,#00DABB,P965264
Mobile,#5651FF,#D1D1D1,America,#00DABB,P96984
Mobile,#5651FF,#D1D1D1,America,#00DABB,P974619
Mobile,#5651FF,#D1D1D1,America,#00DABB,P985821
Mobile,#5651FF,#D1D1D1,America,#00DABB,P986499
Mobile,#5651FF,#D1D1D1,America,#00DABB,P986711
Mobile,#5651FF,#D1D1D1,America,#00DABB,P990306
Mobile,#5651FF,#D1D1D1,America,#00DABB,P992505
Mobile,#5651FF,#D1D1D1,America,#00DABB,P992745
Mobile,#5651FF,#D1D1D1,America,#00DABB,P992845
Mobile,#5651FF,#D1D1D1,America,#00DABB,P993119
Mobile,#5651FF,#D1D1D1,America,#00DABB,P994553
Mobile,#5651FF,#D1D1D1,America,#00DABB,P997592
Mobile,#5651FF,#D1D1D1,America,#00DABB,P998809
Mobile,#5651FF,#D1D1D1,America,#00DABB,P999065
Mobile,#5651FF,#D1D1D1,Asia,#5651FF,P100166
Mobile,#5651FF,#D1D1D1,Asia,#5651FF,P101179
Mobile,#5651FF,#D1D1D1,Asia,#5651FF,P10130
Mobile,#5651FF,#D1D1D1,Asia,#5651FF,P101356
Mobile,#5651FF,#D1D1D1,Asia,#5651FF,P102483
Mobile,#5651FF,#D1D1D1,Asia,#5651FF,P102743
Mobile,#5651FF,#D1D1D1,Asia,#5651FF,P104041
Mobile,#5651FF,#D1D1D1,Asia,#5651FF,P104243
Mobile,#5651FF,#D1D1D1,Asia,#5651FF,P105559
Mobile,#5651FF,#D1D1D1,Asia,#5651FF,P109895
Mobile,#5651FF,#D1D1D1,Asia,#5651FF,P110507
Mobile,#5651FF,#D1D1D1,Asia,#5651FF,P111142
Mobile,#5651FF,#D1D1D1,Asia,#5651FF,P111258
Mobile,#5651FF,#D1D1D1,Asia,#5651FF,P112193
Mobile,#5651FF,#D1D1D1,Asia,#5651FF,P113096
Mobile,#5651FF,#D1D1D1,Asia,#5651FF,P113347
Mobile,#5651FF,#D1D1D1,Asia,#5651FF,P114650
Mobile,#5651FF,#D1D1D1,Asia,#5651FF,P115163
Mobile,#5651FF,#D1D1D1,Asia,#5651FF,P115247
Mobile,#5651FF,#D1D1D1,Asia,#5651FF,P116159
Mobile,#5651FF,#D1D1D1,Asia,#5651FF,P116272
Mobile,#5651FF,#D1D1D1,Asia,#5651FF,P117370
Mobile,#5651FF,#D1D1D1,Asia,#5651FF,P118203
Mobile,#5651FF,#D1D1D1,Asia,#5651FF,P119425
Mobile,#5651FF,#D1D1D1,Asia,#5651FF,P120078
Mobile,#5651FF,#D1D1D1,Asia,#5651FF,P121031
Mobile,#5651FF,#D1D1D1,Asia,#5651FF,P124621
Mobile,#5651FF,#D1D1D1,Asia,#5651FF,P125400
Mobile,#5651FF,#D1D1D1,Asia,#5651FF,P128218
Mobile,#5651FF,#D1D1D1,Asia,#5651FF,P128244
Mobile,#5651FF,#D1D1D1,Asia,#5651FF,P129385
Mobile,#5651FF,#D1D1D1,Asia,#5651FF,P130988
Mobile,#5651FF,#D1D1D1,Asia,#5651FF,P132025
Mobile,#5651FF,#D1D1D1,Asia,#5651FF,P132048
Mobile,#5651FF,#D1D1D1,Asia,#5651FF,P133294
Mobile,#5651FF,#D1D1D1,Asia,#5651FF,P134434
Mobile,#5651FF,#D1D1D1,Asia,#5651FF,P134625
Mobile,#5651FF,#D1D1D1,Asia,#5651FF,P14013
Mobile,#5651FF,#D1D1D1,Asia,#5651FF,P14027
Mobile,#5651FF,#D1D1D1,Asia,#5651FF,P140406
Mobile,#5651FF,#D1D1D1,Asia,#5651FF,P14183
Mobile,#5651FF,#D1D1D1,Asia,#5651FF,P143951
Mobile,#5651FF,#D1D1D1,Asia,#5651FF,P144730
Mobile,#5651FF,#D1D1D1,Asia,#5651FF,P145781
Mobile,#5651FF,#D1D1D1,Asia,#5651FF,P147695
Mobile,#5651FF,#D1D1D1,Asia,#5651FF,P151080
Mobile,#5651FF,#D1D1D1,Asia,#5651FF,P151505
Mobile,#5651FF,#D1D1D1,Asia,#5651FF,P152585
Mobile,#5651FF,#D1D1D1,Asia,#5651FF,P154457
Mobile,#5651FF,#D1D1D1,Asia,#5651FF,P154735
Mobile,#5651FF,#D1D1D1,Asia,#5651FF,P155138
Mobile,#5651FF,#D1D1D1,Asia,#5651FF,P155908
Mobile,#5651FF,#D1D1D1,Asia,#5651FF,P157536
Mobile,#5651FF,#D1D1D1,Asia,#5651FF,P15828
Mobile,#5651FF,#D1D1D1,Asia,#5651FF,P158374
Mobile,#5651FF,#D1D1D1,Asia,#5651FF,P159965
Mobile,#5651FF,#D1D1D1,Asia,#5651FF,P161275
Mobile,#5651FF,#D1D1D1,Asia,#5651FF,P161748
Mobile,#5651FF,#D1D1D1,Asia,#5651FF,P162555
Mobile,#5651FF,#D1D1D1,Asia,#5651FF,P163473
Mobile,#5651FF,#D1D1D1,Asia,#5651FF,P163858
Mobile,#5651FF,#D1D1D1,Asia,#5651FF,P164522
Mobile,#5651FF,#D1D1D1,Asia,#5651FF,P164948
Mobile,#5651FF,#D1D1D1,Asia,#5651FF,P166155
Mobile,#5651FF,#D1D1D1,Asia,#5651FF,P166218
Mobile,#5651FF,#D1D1D1,Asia,#5651FF,P166381
Mobile,#5651FF,#D1D1D1,Asia,#5651FF,P166910
Mobile,#5651FF,#D1D1D1,Asia,#5651FF,P167278
Mobile,#5651FF,#D1D1D1,Asia,#5651FF,P16754
Mobile,#5651FF,#D1D1D1,Asia,#5651FF,P167666
Mobile,#5651FF,#D1D1D1,Asia,#5651FF,P167712
Mobile,#5651FF,#D1D1D1,Asia,#5651FF,P168259
Mobile,#5651FF,#D1D1D1,Asia,#5651FF,P168823
Mobile,#5651FF,#D1D1D1,Asia,#5651FF,P169975
Mobile,#5651FF,#D1D1D1,Asia,#5651FF,P17251
Mobile,#5651FF,#D1D1D1,Asia,#5651FF,P175016
Mobile,#5651FF,#D1D1D1,Asia,#5651FF,P176973
Mobile,#5651FF,#D1D1D1,Asia,#5651FF,P17808
Mobile,#5651FF,#D1D1D1,Asia,#5651FF,P178712
Mobile,#5651FF,#D1D1D1,Asia,#5651FF,P179874
Mobile,#5651FF,#D1D1D1,Asia,#5651FF,P179895
Mobile,#5651FF,#D1D1D1,Asia,#5651FF,P180149
Mobile,#5651FF,#D1D1D1,Asia,#5651FF,P181239
Mobile,#5651FF,#D1D1D1,Asia,#5651FF,P181457
Mobile,#5651FF,#D1D1D1,Asia,#5651FF,P182022
Mobile,#5651FF,#D1D1D1,Asia,#5651FF,P182180
Mobile,#5651FF,#D1D1D1,Asia,#5651FF,P183570
Mobile,#5651FF,#D1D1D1,Asia,#5651FF,P184735
Mobile,#5651FF,#D1D1D1,Asia,#5651FF,P185481
Mobile,#5651FF,#D1D1D1,Asia,#5651FF,P185979
Mobile,#5651FF,#D1D1D1,Asia,#5651FF,P185986
Mobile,#5651FF,#D1D1D1,Asia,#5651FF,P186237
Mobile,#5651FF,#D1D1D1,Asia,#5651FF,P187708
Mobile,#5651FF,#D1D1D1,Asia,#5651FF,P187884
Mobile,#5651FF,#D1D1D1,Asia,#5651FF,P188153
Mobile,#5651FF,#D1D1D1,Asia,#5651FF,P189727
Mobile,#5651FF,#D1D1D1,Asia,#5651FF,P189926
Mobile,#5651FF,#D1D1D1,Asia,#5651FF,P191751
Mobile,#5651FF,#D1D1D1,Asia,#5651FF,P191825
Mobile,#5651FF,#D1D1D1,Asia,#5651FF,P193523
Mobile,#5651FF,#D1D1D1,Asia,#5651FF,P194671
Mobile,#5651FF,#D1D1D1,Asia,#5651FF,P197444
Mobile,#5651FF,#D1D1D1,Asia,#5651FF,P200469
Mobile,#5651FF,#D1D1D1,Asia,#5651FF,P202179
Mobile,#5651FF,#D1D1D1,Asia,#5651FF,P203722
Mobile,#5651FF,#D1D1D1,Asia,#5651FF,P204375
Mobile,#5651FF,#D1D1D1,Asia,#5651FF,P20757
Mobile,#5651FF,#D1D1D1,Asia,#5651FF,P20763
Mobile,#5651FF,#D1D1D1,Asia,#5651FF,P207957
Mobile,#5651FF,#D1D1D1,Asia,#5651FF,P208398
Mobile,#5651FF,#D1D1D1,Asia,#5651FF,P20892
Mobile,#5651FF,#D1D1D1,Asia,#5651FF,P212699
Mobile,#5651FF,#D1D1D1,Asia,#5651FF,P213049
Mobile,#5651FF,#D1D1D1,Asia,#5651FF,P213558
Mobile,#5651FF,#D1D1D1,Asia,#5651FF,P214091
Mobile,#5651FF,#D1D1D1,Asia,#5651FF,P214289
Mobile,#5651FF,#D1D1D1,Asia,#5651FF,P2156
Mobile,#5651FF,#D1D1D1,Asia,#5651FF,P216936
Mobile,#5651FF,#D1D1D1,Asia,#5651FF,P21725
Mobile,#5651FF,#D1D1D1,Asia,#5651FF,P217994
Mobile,#5651FF,#D1D1D1,Asia,#5651FF,P218644
Mobile,#5651FF,#D1D1D1,Asia,#5651FF,P221053
Mobile,#5651FF,#D1D1D1,Asia,#5651FF,P222340
Mobile,#5651FF,#D1D1D1,Asia,#5651FF,P222533
Mobile,#5651FF,#D1D1D1,Asia,#5651FF,P226035
Mobile,#5651FF,#D1D1D1,Asia,#5651FF,P226786
Mobile,#5651FF,#D1D1D1,Asia,#5651FF,P228550
Mobile,#5651FF,#D1D1D1,Asia,#5651FF,P23119
Mobile,#5651FF,#D1D1D1,Asia,#5651FF,P231533
Mobile,#5651FF,#D1D1D1,Asia,#5651FF,P233160
Mobile,#5651FF,#D1D1D1,Asia,#5651FF,P233919
Mobile,#5651FF,#D1D1D1,Asia,#5651FF,P235317
Mobile,#5651FF,#D1D1D1,Asia,#5651FF,P235656
Mobile,#5651FF,#D1D1D1,Asia,#5651FF,P237897
Mobile,#5651FF,#D1D1D1,Asia,#5651FF,P23867
Mobile,#5651FF,#D1D1D1,Asia,#5651FF,P239919
Mobile,#5651FF,#D1D1D1,Asia,#5651FF,P240014
Mobile,#5651FF,#D1D1D1,Asia,#5651FF,P24025
Mobile,#5651FF,#D1D1D1,Asia,#5651FF,P241953
Mobile,#5651FF,#D1D1D1,Asia,#5651FF,P242874
Mobile,#5651FF,#D1D1D1,Asia,#5651FF,P244729
Mobile,#5651FF,#D1D1D1,Asia,#5651FF,P245140
Mobile,#5651FF,#D1D1D1,Asia,#5651FF,P245449
Mobile,#5651FF,#D1D1D1,Asia,#5651FF,P246423
Mobile,#5651FF,#D1D1D1,Asia,#5651FF,P247953
Mobile,#5651FF,#D1D1D1,Asia,#5651FF,P249065
Mobile,#5651FF,#D1D1D1,Asia,#5651FF,P249448
Mobile,#5651FF,#D1D1D1,Asia,#5651FF,P249943
Mobile,#5651FF,#D1D1D1,Asia,#5651FF,P250489
Mobile,#5651FF,#D1D1D1,Asia,#5651FF,P253407
Mobile,#5651FF,#D1D1D1,Asia,#5651FF,P253692
Mobile,#5651FF,#D1D1D1,Asia,#5651FF,P255096
Mobile,#5651FF,#D1D1D1,Asia,#5651FF,P256389
Mobile,#5651FF,#D1D1D1,Asia,#5651FF,P256883
Mobile,#5651FF,#D1D1D1,Asia,#5651FF,P257050
Mobile,#5651FF,#D1D1D1,Asia,#5651FF,P257242
Mobile,#5651FF,#D1D1D1,Asia,#5651FF,P257380
Mobile,#5651FF,#D1D1D1,Asia,#5651FF,P257589
Mobile,#5651FF,#D1D1D1,Asia,#5651FF,P259614
Mobile,#5651FF,#D1D1D1,Asia,#5651FF,P259981
Mobile,#5651FF,#D1D1D1,Asia,#5651FF,P260948
Mobile,#5651FF,#D1D1D1,Asia,#5651FF,P261128
Mobile,#5651FF,#D1D1D1,Asia,#5651FF,P26129
Mobile,#5651FF,#D1D1D1,Asia,#5651FF,P262805
Mobile,#5651FF,#D1D1D1,Asia,#5651FF,P263110
Mobile,#5651FF,#D1D1D1,Asia,#5651FF,P264306
Mobile,#5651FF,#D1D1D1,Asia,#5651FF,P26767
Mobile,#5651FF,#D1D1D1,Asia,#5651FF,P269090
Mobile,#5651FF,#D1D1D1,Asia,#5651FF,P275493
Mobile,#5651FF,#D1D1D1,Asia,#5651FF,P276632
Mobile,#5651FF,#D1D1D1,Asia,#5651FF,P278877
Mobile,#5651FF,#D1D1D1,Asia,#5651FF,P279651
Mobile,#5651FF,#D1D1D1,Asia,#5651FF,P281153
Mobile,#5651FF,#D1D1D1,Asia,#5651FF,P281966
Mobile,#5651FF,#D1D1D1,Asia,#5651FF,P282515
Mobile,#5651FF,#D1D1D1,Asia,#5651FF,P282554
Mobile,#5651FF,#D1D1D1,Asia,#5651FF,P28269
Mobile,#5651FF,#D1D1D1,Asia,#5651FF,P284777
Mobile,#5651FF,#D1D1D1,Asia,#5651FF,P285504
Mobile,#5651FF,#D1D1D1,Asia,#5651FF,P286344
Mobile,#5651FF,#D1D1D1,Asia,#5651FF,P288648
Mobile,#5651FF,#D1D1D1,Asia,#5651FF,P289336
Mobile,#5651FF,#D1D1D1,Asia,#5651FF,P291525
Mobile,#5651FF,#D1D1D1,Asia,#5651FF,P294495
Mobile,#5651FF,#D1D1D1,Asia,#5651FF,P296777
Mobile,#5651FF,#D1D1D1,Asia,#5651FF,P298095
Mobile,#5651FF,#D1D1D1,Asia,#5651FF,P299071
Mobile,#5651FF,#D1D1D1,Asia,#5651FF,P305430
Mobile,#5651FF,#D1D1D1,Asia,#5651FF,P305798
Mobile,#5651FF,#D1D1D1,Asia,#5651FF,P306343
Mobile,#5651FF,#D1D1D1,Asia,#5651FF,P310990
Mobile,#5651FF,#D1D1D1,Asia,#5651FF,P31110
Mobile,#5651FF,#D1D1D1,Asia,#5651FF,P312055
Mobile,#5651FF,#D1D1D1,Asia,#5651FF,P313241
Mobile,#5651FF,#D1D1D1,Asia,#5651FF,P314486
Mobile,#5651FF,#D1D1D1,Asia,#5651FF,P315845
Mobile,#5651FF,#D1D1D1,Asia,#5651FF,P316935
Mobile,#5651FF,#D1D1D1,Asia,#5651FF,P317839
Mobile,#5651FF,#D1D1D1,Asia,#5651FF,P319012
Mobile,#5651FF,#D1D1D1,Asia,#5651FF,P320020
Mobile,#5651FF,#D1D1D1,Asia,#5651FF,P32203
Mobile,#5651FF,#D1D1D1,Asia,#5651FF,P32425
Mobile,#5651FF,#D1D1D1,Asia,#5651FF,P325412
Mobile,#5651FF,#D1D1D1,Asia,#5651FF,P326592
Mobile,#5651FF,#D1D1D1,Asia,#5651FF,P327934
Mobile,#5651FF,#D1D1D1,Asia,#5651FF,P328165
Mobile,#5651FF,#D1D1D1,Asia,#5651FF,P330224
Mobile,#5651FF,#D1D1D1,Asia,#5651FF,P331233
Mobile,#5651FF,#D1D1D1,Asia,#5651FF,P331887
Mobile,#5651FF,#D1D1D1,Asia,#5651FF,P332449
Mobile,#5651FF,#D1D1D1,Asia,#5651FF,P33245
Mobile,#5651FF,#D1D1D1,Asia,#5651FF,P332540
Mobile,#5651FF,#D1D1D1,Asia,#5651FF,P334308
Mobile,#5651FF,#D1D1D1,Asia,#5651FF,P334768
Mobile,#5651FF,#D1D1D1,Asia,#5651FF,P334979
Mobile,#5651FF,#D1D1D1,Asia,#5651FF,P335982
Mobile,#5651FF,#D1D1D1,Asia,#5651FF,P336349
Mobile,#5651FF,#D1D1D1,Asia,#5651FF,P337679
Mobile,#5651FF,#D1D1D1,Asia,#5651FF,P340109
Mobile,#5651FF,#D1D1D1,Asia,#5651FF,P340774
Mobile,#5651FF,#D1D1D1,Asia,#5651FF,P340793
Mobile,#5651FF,#D1D1D1,Asia,#5651FF,P341863
Mobile,#5651FF,#D1D1D1,Asia,#5651FF,P342388
Mobile,#5651FF,#D1D1D1,Asia,#5651FF,P343424
Mobile,#5651FF,#D1D1D1,Asia,#5651FF,P346385
Mobile,#5651FF,#D1D1D1,Asia,#5651FF,P346866
Mobile,#5651FF,#D1D1D1,Asia,#5651FF,P348128
Mobile,#5651FF,#D1D1D1,Asia,#5651FF,P348258
Mobile,#5651FF,#D1D1D1,Asia,#5651FF,P348604
Mobile,#5651FF,#D1D1D1,Asia,#5651FF,P349808
Mobile,#5651FF,#D1D1D1,Asia,#5651FF,P350027
Mobile,#5651FF,#D1D1D1,Asia,#5651FF,P351102
Mobile,#5651FF,#D1D1D1,Asia,#5651FF,P353730
Mobile,#5651FF,#D1D1D1,Asia,#5651FF,P353843
Mobile,#5651FF,#D1D1D1,Asia,#5651FF,P355815
Mobile,#5651FF,#D1D1D1,Asia,#5651FF,P356532
Mobile,#5651FF,#D1D1D1,Asia,#5651FF,P358174
Mobile,#5651FF,#D1D1D1,Asia,#5651FF,P358243
Mobile,#5651FF,#D1D1D1,Asia,#5651FF,P359263
Mobile,#5651FF,#D1D1D1,Asia,#5651FF,P359477
Mobile,#5651FF,#D1D1D1,Asia,#5651FF,P362416
Mobile,#5651FF,#D1D1D1,Asia,#5651FF,P36288
Mobile,#5651FF,#D1D1D1,Asia,#5651FF,P363563
Mobile,#5651FF,#D1D1D1,Asia,#5651FF,P36393
Mobile,#5651FF,#D1D1D1,Asia,#5651FF,P364573
Mobile,#5651FF,#D1D1D1,Asia,#5651FF,P36632
Mobile,#5651FF,#D1D1D1,Asia,#5651FF,P367919
Mobile,#5651FF,#D1D1D1,Asia,#5651FF,P369866
Mobile,#5651FF,#D1D1D1,Asia,#5651FF,P372613
Mobile,#5651FF,#D1D1D1,Asia,#5651FF,P376585
Mobile,#5651FF,#D1D1D1,Asia,#5651FF,P376958
Mobile,#5651FF,#D1D1D1,Asia,#5651FF,P378663
Mobile,#5651FF,#D1D1D1,Asia,#5651FF,P378841
Mobile,#5651FF,#D1D1D1,Asia,#5651FF,P381632
Mobile,#5651FF,#D1D1D1,Asia,#5651FF,P382891
Mobile,#5651FF,#D1D1D1,Asia,#5651FF,P384970
Mobile,#5651FF,#D1D1D1,Asia,#5651FF,P385546
Mobile,#5651FF,#D1D1D1,Asia,#5651FF,P385694
Mobile,#5651FF,#D1D1D1,Asia,#5651FF,P387369
Mobile,#5651FF,#D1D1D1,Asia,#5651FF,P387581
Mobile,#5651FF,#D1D1D1,Asia,#5651FF,P388447
Mobile,#5651FF,#D1D1D1,Asia,#5651FF,P393883
Mobile,#5651FF,#D1D1D1,Asia,#5651FF,P394122
Mobile,#5651FF,#D1D1D1,Asia,#5651FF,P394714
Mobile,#5651FF,#D1D1D1,Asia,#5651FF,P39593
Mobile,#5651FF,#D1D1D1,Asia,#5651FF,P396662
Mobile,#5651FF,#D1D1D1,Asia,#5651FF,P398165
Mobile,#5651FF,#D1D1D1,Asia,#5651FF,P39871
Mobile,#5651FF,#D1D1D1,Asia,#5651FF,P401807
Mobile,#5651FF,#D1D1D1,Asia,#5651FF,P402021
Mobile,#5651FF,#D1D1D1,Asia,#5651FF,P402616
Mobile,#5651FF,#D1D1D1,Asia,#5651FF,P403712
Mobile,#5651FF,#D1D1D1,Asia,#5651FF,P404351
Mobile,#5651FF,#D1D1D1,Asia,#5651FF,P405361
Mobile,#5651FF,#D1D1D1,Asia,#5651FF,P405440
Mobile,#5651FF,#D1D1D1,Asia,#5651FF,P406495
Mobile,#5651FF,#D1D1D1,Asia,#5651FF,P406549
Mobile,#5651FF,#D1D1D1,Asia,#5651FF,P407613
Mobile,#5651FF,#D1D1D1,Asia,#5651FF,P408155
Mobile,#5651FF,#D1D1D1,Asia,#5651FF,P408929
Mobile,#5651FF,#D1D1D1,Asia,#5651FF,P409192
Mobile,#5651FF,#D1D1D1,Asia,#5651FF,P410491
Mobile,#5651FF,#D1D1D1,Asia,#5651FF,P410528
Mobile,#5651FF,#D1D1D1,Asia,#5651FF,P411795
Mobile,#5651FF,#D1D1D1,Asia,#5651FF,P412005
Mobile,#5651FF,#D1D1D1,Asia,#5651FF,P412602
Mobile,#5651FF,#D1D1D1,Asia,#5651FF,P413219
Mobile,#5651FF,#D1D1D1,Asia,#5651FF,P413483
Mobile,#5651FF,#D1D1D1,Asia,#5651FF,P413949
Mobile,#5651FF,#D1D1D1,Asia,#5651FF,P414175
Mobile,#5651FF,#D1D1D1,Asia,#5651FF,P41521
Mobile,#5651FF,#D1D1D1,Asia,#5651FF,P417359
Mobile,#5651FF,#D1D1D1,Asia,#5651FF,P417515
Mobile,#5651FF,#D1D1D1,Asia,#5651FF,P420455
Mobile,#5651FF,#D1D1D1,Asia,#5651FF,P421181
Mobile,#5651FF,#D1D1D1,Asia,#5651FF,P421800
Mobile,#5651FF,#D1D1D1,Asia,#5651FF,P422170
Mobile,#5651FF,#D1D1D1,Asia,#5651FF,P423179
Mobile,#5651FF,#D1D1D1,Asia,#5651FF,P424676
Mobile,#5651FF,#D1D1D1,Asia,#5651FF,P426589
Mobile,#5651FF,#D1D1D1,Asia,#5651FF,P426868
Mobile,#5651FF,#D1D1D1,Asia,#5651FF,P427547
Mobile,#5651FF,#D1D1D1,Asia,#5651FF,P427718
Mobile,#5651FF,#D1D1D1,Asia,#5651FF,P427900
Mobile,#5651FF,#D1D1D1,Asia,#5651FF,P429909
Mobile,#5651FF,#D1D1D1,Asia,#5651FF,P430136
Mobile,#5651FF,#D1D1D1,Asia,#5651FF,P430243
Mobile,#5651FF,#D1D1D1,Asia,#5651FF,P43072
Mobile,#5651FF,#D1D1D1,Asia,#5651FF,P430874
Mobile,#5651FF,#D1D1D1,Asia,#5651FF,P430961
Mobile,#5651FF,#D1D1D1,Asia,#5651FF,P431539
Mobile,#5651FF,#D1D1D1,Asia,#5651FF,P433740
Mobile,#5651FF,#D1D1D1,Asia,#5651FF,P434065
Mobile,#5651FF,#D1D1D1,Asia,#5651FF,P435572
Mobile,#5651FF,#D1D1D1,Asia,#5651FF,P437073
Mobile,#5651FF,#D1D1D1,Asia,#5651FF,P437566
Mobile,#5651FF,#D1D1D1,Asia,#5651FF,P438576
Mobile,#5651FF,#D1D1D1,Asia,#5651FF,P438986
Mobile,#5651FF,#D1D1D1,Asia,#5651FF,P439196
Mobile,#5651FF,#D1D1D1,Asia,#5651FF,P44089
Mobile,#5651FF,#D1D1D1,Asia,#5651FF,P444448
Mobile,#5651FF,#D1D1D1,Asia,#5651FF,P444885
Mobile,#5651FF,#D1D1D1,Asia,#5651FF,P445692
Mobile,#5651FF,#D1D1D1,Asia,#5651FF,P445713
Mobile,#5651FF,#D1D1D1,Asia,#5651FF,P446679
Mobile,#5651FF,#D1D1D1,Asia,#5651FF,P446937
Mobile,#5651FF,#D1D1D1,Asia,#5651FF,P44726
Mobile,#5651FF,#D1D1D1,Asia,#5651FF,P448726
Mobile,#5651FF,#D1D1D1,Asia,#5651FF,P449383
Mobile,#5651FF,#D1D1D1,Asia,#5651FF,P44982
Mobile,#5651FF,#D1D1D1,Asia,#5651FF,P450985
Mobile,#5651FF,#D1D1D1,Asia,#5651FF,P454167
Mobile,#5651FF,#D1D1D1,Asia,#5651FF,P454328
Mobile,#5651FF,#D1D1D1,Asia,#5651FF,P454781
Mobile,#5651FF,#D1D1D1,Asia,#5651FF,P455198
Mobile,#5651FF,#D1D1D1,Asia,#5651FF,P455322
Mobile,#5651FF,#D1D1D1,Asia,#5651FF,P455440
Mobile,#5651FF,#D1D1D1,Asia,#5651FF,P457020
Mobile,#5651FF,#D1D1D1,Asia,#5651FF,P458206
Mobile,#5651FF,#D1D1D1,Asia,#5651FF,P459104
Mobile,#5651FF,#D1D1D1,Asia,#5651FF,P461207
Mobile,#5651FF,#D1D1D1,Asia,#5651FF,P463117
Mobile,#5651FF,#D1D1D1,Asia,#5651FF,P470047
Mobile,#5651FF,#D1D1D1,Asia,#5651FF,P470460
Mobile,#5651FF,#D1D1D1,Asia,#5651FF,P471140
Mobile,#5651FF,#D1D1D1,Asia,#5651FF,P47261
Mobile,#5651FF,#D1D1D1,Asia,#5651FF,P473502
Mobile,#5651FF,#D1D1D1,Asia,#5651FF,P477448
Mobile,#5651FF,#D1D1D1,Asia,#5651FF,P478814
Mobile,#5651FF,#D1D1D1,Asia,#5651FF,P479295
Mobile,#5651FF,#D1D1D1,Asia,#5651FF,P480205
Mobile,#5651FF,#D1D1D1,Asia,#5651FF,P482393
Mobile,#5651FF,#D1D1D1,Asia,#5651FF,P483385
Mobile,#5651FF,#D1D1D1,Asia,#5651FF,P483528
Mobile,#5651FF,#D1D1D1,Asia,#5651FF,P484938
Mobile,#5651FF,#D1D1D1,Asia,#5651FF,P485800
Mobile,#5651FF,#D1D1D1,Asia,#5651FF,P486925
Mobile,#5651FF,#D1D1D1,Asia,#5651FF,P487913
Mobile,#5651FF,#D1D1D1,Asia,#5651FF,P488012
Mobile,#5651FF,#D1D1D1,Asia,#5651FF,P488969
Mobile,#5651FF,#D1D1D1,Asia,#5651FF,P490170
Mobile,#5651FF,#D1D1D1,Asia,#5651FF,P490781
Mobile,#5651FF,#D1D1D1,Asia,#5651FF,P494151
Mobile,#5651FF,#D1D1D1,Asia,#5651FF,P494498
Mobile,#5651FF,#D1D1D1,Asia,#5651FF,P495820
Mobile,#5651FF,#D1D1D1,Asia,#5651FF,P497397
Mobile,#5651FF,#D1D1D1,Asia,#5651FF,P497802
Mobile,#5651FF,#D1D1D1,Asia,#5651FF,P498379
Mobile,#5651FF,#D1D1D1,Asia,#5651FF,P498456
Mobile,#5651FF,#D1D1D1,Asia,#5651FF,P500078
Mobile,#5651FF,#D1D1D1,Asia,#5651FF,P50081
Mobile,#5651FF,#D1D1D1,Asia,#5651FF,P501382
Mobile,#5651FF,#D1D1D1,Asia,#5651FF,P503199
Mobile,#5651FF,#D1D1D1,Asia,#5651FF,P504059
Mobile,#5651FF,#D1D1D1,Asia,#5651FF,P504227
Mobile,#5651FF,#D1D1D1,Asia,#5651FF,P504811
Mobile,#5651FF,#D1D1D1,Asia,#5651FF,P50498
Mobile,#5651FF,#D1D1D1,Asia,#5651FF,P506261
Mobile,#5651FF,#D1D1D1,Asia,#5651FF,P507072
Mobile,#5651FF,#D1D1D1,Asia,#5651FF,P510321
Mobile,#5651FF,#D1D1D1,Asia,#5651FF,P512985
Mobile,#5651FF,#D1D1D1,Asia,#5651FF,P513818
Mobile,#5651FF,#D1D1D1,Asia,#5651FF,P515146
Mobile,#5651FF,#D1D1D1,Asia,#5651FF,P515872
Mobile,#5651FF,#D1D1D1,Asia,#5651FF,P516083
Mobile,#5651FF,#D1D1D1,Asia,#5651FF,P51631
Mobile,#5651FF,#D1D1D1,Asia,#5651FF,P51745
Mobile,#5651FF,#D1D1D1,Asia,#5651FF,P518309
Mobile,#5651FF,#D1D1D1,Asia,#5651FF,P518719
Mobile,#5651FF,#D1D1D1,Asia,#5651FF,P520011
Mobile,#5651FF,#D1D1D1,Asia,#5651FF,P520838
Mobile,#5651FF,#D1D1D1,Asia,#5651FF,P520954
Mobile,#5651FF,#D1D1D1,Asia,#5651FF,P521814
Mobile,#5651FF,#D1D1D1,Asia,#5651FF,P522376
Mobile,#5651FF,#D1D1D1,Asia,#5651FF,P5228
Mobile,#5651FF,#D1D1D1,Asia,#5651FF,P523414
Mobile,#5651FF,#D1D1D1,Asia,#5651FF,P52485
Mobile,#5651FF,#D1D1D1,Asia,#5651FF,P524990
Mobile,#5651FF,#D1D1D1,Asia,#5651FF,P527002
Mobile,#5651FF,#D1D1D1,Asia,#5651FF,P527387
Mobile,#5651FF,#D1D1D1,Asia,#5651FF,P527943
Mobile,#5651FF,#D1D1D1,Asia,#5651FF,P529440
Mobile,#5651FF,#D1D1D1,Asia,#5651FF,P531737
Mobile,#5651FF,#D1D1D1,Asia,#5651FF,P533500
Mobile,#5651FF,#D1D1D1,Asia,#5651FF,P533727
Mobile,#5651FF,#D1D1D1,Asia,#5651FF,P534673
Mobile,#5651FF,#D1D1D1,Asia,#5651FF,P534787
Mobile,#5651FF,#D1D1D1,Asia,#5651FF,P536974
Mobile,#5651FF,#D1D1D1,Asia,#5651FF,P537295
Mobile,#5651FF,#D1D1D1,Asia,#5651FF,P537774
Mobile,#5651FF,#D1D1D1,Asia,#5651FF,P53882
Mobile,#5651FF,#D1D1D1,Asia,#5651FF,P539252
Mobile,#5651FF,#D1D1D1,Asia,#5651FF,P540210
Mobile,#5651FF,#D1D1D1,Asia,#5651FF,P540297
Mobile,#5651FF,#D1D1D1,Asia,#5651FF,P541783
Mobile,#5651FF,#D1D1D1,Asia,#5651FF,P543789
Mobile,#5651FF,#D1D1D1,Asia,#5651FF,P544524
Mobile,#5651FF,#D1D1D1,Asia,#5651FF,P545485
Mobile,#5651FF,#D1D1D1,Asia,#5651FF,P545582
Mobile,#5651FF,#D1D1D1,Asia,#5651FF,P546822
Mobile,#5651FF,#D1D1D1,Asia,#5651FF,P549461
Mobile,#5651FF,#D1D1D1,Asia,#5651FF,P550143
Mobile,#5651FF,#D1D1D1,Asia,#5651FF,P552500
Mobile,#5651FF,#D1D1D1,Asia,#5651FF,P55381
Mobile,#5651FF,#D1D1D1,Asia,#5651FF,P554806
Mobile,#5651FF,#D1D1D1,Asia,#5651FF,P556087
Mobile,#5651FF,#D1D1D1,Asia,#5651FF,P556094
Mobile,#5651FF,#D1D1D1,Asia,#5651FF,P556325
Mobile,#5651FF,#D1D1D1,Asia,#5651FF,P557493
Mobile,#5651FF,#D1D1D1,Asia,#5651FF,P558120
Mobile,#5651FF,#D1D1D1,Asia,#5651FF,P558448
Mobile,#5651FF,#D1D1D1,Asia,#5651FF,P559194
Mobile,#5651FF,#D1D1D1,Asia,#5651FF,P561452
Mobile,#5651FF,#D1D1D1,Asia,#5651FF,P562492
Mobile,#5651FF,#D1D1D1,Asia,#5651FF,P564092
Mobile,#5651FF,#D1D1D1,Asia,#5651FF,P564950
Mobile,#5651FF,#D1D1D1,Asia,#5651FF,P565308
Mobile,#5651FF,#D1D1D1,Asia,#5651FF,P565468
Mobile,#5651FF,#D1D1D1,Asia,#5651FF,P565727
Mobile,#5651FF,#D1D1D1,Asia,#5651FF,P566239
Mobile,#5651FF,#D1D1D1,Asia,#5651FF,P570832
Mobile,#5651FF,#D1D1D1,Asia,#5651FF,P571858
Mobile,#5651FF,#D1D1D1,Asia,#5651FF,P572054
Mobile,#5651FF,#D1D1D1,Asia,#5651FF,P572464
Mobile,#5651FF,#D1D1D1,Asia,#5651FF,P572612
Mobile,#5651FF,#D1D1D1,Asia,#5651FF,P572979
Mobile,#5651FF,#D1D1D1,Asia,#5651FF,P573056
Mobile,#5651FF,#D1D1D1,Asia,#5651FF,P573123
Mobile,#5651FF,#D1D1D1,Asia,#5651FF,P573190
Mobile,#5651FF,#D1D1D1,Asia,#5651FF,P577078
Mobile,#5651FF,#D1D1D1,Asia,#5651FF,P577780
Mobile,#5651FF,#D1D1D1,Asia,#5651FF,P581362
Mobile,#5651FF,#D1D1D1,Asia,#5651FF,P581633
Mobile,#5651FF,#D1D1D1,Asia,#5651FF,P581763
Mobile,#5651FF,#D1D1D1,Asia,#5651FF,P581987
Mobile,#5651FF,#D1D1D1,Asia,#5651FF,P582316
Mobile,#5651FF,#D1D1D1,Asia,#5651FF,P58309
Mobile,#5651FF,#D1D1D1,Asia,#5651FF,P583108
Mobile,#5651FF,#D1D1D1,Asia,#5651FF,P58365
Mobile,#5651FF,#D1D1D1,Asia,#5651FF,P584679
Mobile,#5651FF,#D1D1D1,Asia,#5651FF,P584943
Mobile,#5651FF,#D1D1D1,Asia,#5651FF,P586262
Mobile,#5651FF,#D1D1D1,Asia,#5651FF,P58631
Mobile,#5651FF,#D1D1D1,Asia,#5651FF,P586334
Mobile,#5651FF,#D1D1D1,Asia,#5651FF,P587159
Mobile,#5651FF,#D1D1D1,Asia,#5651FF,P587784
Mobile,#5651FF,#D1D1D1,Asia,#5651FF,P590493
Mobile,#5651FF,#D1D1D1,Asia,#5651FF,P590523
Mobile,#5651FF,#D1D1D1,Asia,#5651FF,P590803
Mobile,#5651FF,#D1D1D1,Asia,#5651FF,P592535
Mobile,#5651FF,#D1D1D1,Asia,#5651FF,P592541
Mobile,#5651FF,#D1D1D1,Asia,#5651FF,P595034
Mobile,#5651FF,#D1D1D1,Asia,#5651FF,P595436
Mobile,#5651FF,#D1D1D1,Asia,#5651FF,P59692
Mobile,#5651FF,#D1D1D1,Asia,#5651FF,P597773
Mobile,#5651FF,#D1D1D1,Asia,#5651FF,P599010
Mobile,#5651FF,#D1D1D1,Asia,#5651FF,P599620
Mobile,#5651FF,#D1D1D1,Asia,#5651FF,P600916
Mobile,#5651FF,#D1D1D1,Asia,#5651FF,P601586
Mobile,#5651FF,#D1D1D1,Asia,#5651FF,P602103
Mobile,#5651FF,#D1D1D1,Asia,#5651FF,P602328
Mobile,#5651FF,#D1D1D1,Asia,#5651FF,P604382
Mobile,#5651FF,#D1D1D1,Asia,#5651FF,P605665
Mobile,#5651FF,#D1D1D1,Asia,#5651FF,P606261
Mobile,#5651FF,#D1D1D1,Asia,#5651FF,P606311
Mobile,#5651FF,#D1D1D1,Asia,#5651FF,P606389
Mobile,#5651FF,#D1D1D1,Asia,#5651FF,P607009
Mobile,#5651FF,#D1D1D1,Asia,#5651FF,P607805
Mobile,#5651FF,#D1D1D1,Asia,#5651FF,P607983
Mobile,#5651FF,#D1D1D1,Asia,#5651FF,P609023
Mobile,#5651FF,#D1D1D1,Asia,#5651FF,P609107
Mobile,#5651FF,#D1D1D1,Asia,#5651FF,P611940
Mobile,#5651FF,#D1D1D1,Asia,#5651FF,P613113
Mobile,#5651FF,#D1D1D1,Asia,#5651FF,P613500
Mobile,#5651FF,#D1D1D1,Asia,#5651FF,P613509
Mobile,#5651FF,#D1D1D1,Asia,#5651FF,P614422
Mobile,#5651FF,#D1D1D1,Asia,#5651FF,P615173
Mobile,#5651FF,#D1D1D1,Asia,#5651FF,P61538
Mobile,#5651FF,#D1D1D1,Asia,#5651FF,P61726
Mobile,#5651FF,#D1D1D1,Asia,#5651FF,P617272
Mobile,#5651FF,#D1D1D1,Asia,#5651FF,P617684
Mobile,#5651FF,#D1D1D1,Asia,#5651FF,P61806
Mobile,#5651FF,#D1D1D1,Asia,#5651FF,P618073
Mobile,#5651FF,#D1D1D1,Asia,#5651FF,P619157
Mobile,#5651FF,#D1D1D1,Asia,#5651FF,P619544
Mobile,#5651FF,#D1D1D1,Asia,#5651FF,P621102
Mobile,#5651FF,#D1D1D1,Asia,#5651FF,P6214
Mobile,#5651FF,#D1D1D1,Asia,#5651FF,P621858
Mobile,#5651FF,#D1D1D1,Asia,#5651FF,P6230
Mobile,#5651FF,#D1D1D1,Asia,#5651FF,P623057
Mobile,#5651FF,#D1D1D1,Asia,#5651FF,P625202
Mobile,#5651FF,#D1D1D1,Asia,#5651FF,P630116
Mobile,#5651FF,#D1D1D1,Asia,#5651FF,P630234
Mobile,#5651FF,#D1D1D1,Asia,#5651FF,P630364
Mobile,#5651FF,#D1D1D1,Asia,#5651FF,P632255
Mobile,#5651FF,#D1D1D1,Asia,#5651FF,P633185
Mobile,#5651FF,#D1D1D1,Asia,#5651FF,P638081
Mobile,#5651FF,#D1D1D1,Asia,#5651FF,P63941
Mobile,#5651FF,#D1D1D1,Asia,#5651FF,P641765
Mobile,#5651FF,#D1D1D1,Asia,#5651FF,P642715
Mobile,#5651FF,#D1D1D1,Asia,#5651FF,P643878
Mobile,#5651FF,#D1D1D1,Asia,#5651FF,P644589
Mobile,#5651FF,#D1D1D1,Asia,#5651FF,P644669
Mobile,#5651FF,#D1D1D1,Asia,#5651FF,P646377
Mobile,#5651FF,#D1D1D1,Asia,#5651FF,P647621
Mobile,#5651FF,#D1D1D1,Asia,#5651FF,P648332
Mobile,#5651FF,#D1D1D1,Asia,#5651FF,P650650
Mobile,#5651FF,#D1D1D1,Asia,#5651FF,P651021
Mobile,#5651FF,#D1D1D1,Asia,#5651FF,P651732
Mobile,#5651FF,#D1D1D1,Asia,#5651FF,P653690
Mobile,#5651FF,#D1D1D1,Asia,#5651FF,P654033
Mobile,#5651FF,#D1D1D1,Asia,#5651FF,P656246
Mobile,#5651FF,#D1D1D1,Asia,#5651FF,P656742
Mobile,#5651FF,#D1D1D1,Asia,#5651FF,P657358
Mobile,#5651FF,#D1D1D1,Asia,#5651FF,P661836
Mobile,#5651FF,#D1D1D1,Asia,#5651FF,P664460
Mobile,#5651FF,#D1D1D1,Asia,#5651FF,P66610
Mobile,#5651FF,#D1D1D1,Asia,#5651FF,P666546
Mobile,#5651FF,#D1D1D1,Asia,#5651FF,P667425
Mobile,#5651FF,#D1D1D1,Asia,#5651FF,P668260
Mobile,#5651FF,#D1D1D1,Asia,#5651FF,P670271
Mobile,#5651FF,#D1D1D1,Asia,#5651FF,P674806
Mobile,#5651FF,#D1D1D1,Asia,#5651FF,P675226
Mobile,#5651FF,#D1D1D1,Asia,#5651FF,P675789
Mobile,#5651FF,#D1D1D1,Asia,#5651FF,P677646
Mobile,#5651FF,#D1D1D1,Asia,#5651FF,P677794
Mobile,#5651FF,#D1D1D1,Asia,#5651FF,P679591
Mobile,#5651FF,#D1D1D1,Asia,#5651FF,P680235
Mobile,#5651FF,#D1D1D1,Asia,#5651FF,P681787
Mobile,#5651FF,#D1D1D1,Asia,#5651FF,P681988
Mobile,#5651FF,#D1D1D1,Asia,#5651FF,P682285
Mobile,#5651FF,#D1D1D1,Asia,#5651FF,P682537
Mobile,#5651FF,#D1D1D1,Asia,#5651FF,P682625
Mobile,#5651FF,#D1D1D1,Asia,#5651FF,P683404
Mobile,#5651FF,#D1D1D1,Asia,#5651FF,P684111
Mobile,#5651FF,#D1D1D1,Asia,#5651FF,P685364
Mobile,#5651FF,#D1D1D1,Asia,#5651FF,P690134
Mobile,#5651FF,#D1D1D1,Asia,#5651FF,P690498
Mobile,#5651FF,#D1D1D1,Asia,#5651FF,P693603
Mobile,#5651FF,#D1D1D1,Asia,#5651FF,P693920
Mobile,#5651FF,#D1D1D1,Asia,#5651FF,P694250
Mobile,#5651FF,#D1D1D1,Asia,#5651FF,P695328
Mobile,#5651FF,#D1D1D1,Asia,#5651FF,P697908
Mobile,#5651FF,#D1D1D1,Asia,#5651FF,P697995
Mobile,#5651FF,#D1D1D1,Asia,#5651FF,P698373
Mobile,#5651FF,#D1D1D1,Asia,#5651FF,P698808
Mobile,#5651FF,#D1D1D1,Asia,#5651FF,P699346
Mobile,#5651FF,#D1D1D1,Asia,#5651FF,P699461
Mobile,#5651FF,#D1D1D1,Asia,#5651FF,P70003
Mobile,#5651FF,#D1D1D1,Asia,#5651FF,P701117
Mobile,#5651FF,#D1D1D1,Asia,#5651FF,P702337
Mobile,#5651FF,#D1D1D1,Asia,#5651FF,P70582
Mobile,#5651FF,#D1D1D1,Asia,#5651FF,P706966
Mobile,#5651FF,#D1D1D1,Asia,#5651FF,P707916
Mobile,#5651FF,#D1D1D1,Asia,#5651FF,P708748
Mobile,#5651FF,#D1D1D1,Asia,#5651FF,P709569
Mobile,#5651FF,#D1D1D1,Asia,#5651FF,P711809
Mobile,#5651FF,#D1D1D1,Asia,#5651FF,P71223
Mobile,#5651FF,#D1D1D1,Asia,#5651FF,P714363
Mobile,#5651FF,#D1D1D1,Asia,#5651FF,P715728
Mobile,#5651FF,#D1D1D1,Asia,#5651FF,P717306
Mobile,#5651FF,#D1D1D1,Asia,#5651FF,P718149
Mobile,#5651FF,#D1D1D1,Asia,#5651FF,P719984
Mobile,#5651FF,#D1D1D1,Asia,#5651FF,P720459
Mobile,#5651FF,#D1D1D1,Asia,#5651FF,P720489
Mobile,#5651FF,#D1D1D1,Asia,#5651FF,P720520
Mobile,#5651FF,#D1D1D1,Asia,#5651FF,P720539
Mobile,#5651FF,#D1D1D1,Asia,#5651FF,P721894
Mobile,#5651FF,#D1D1D1,Asia,#5651FF,P721942
Mobile,#5651FF,#D1D1D1,Asia,#5651FF,P722632
Mobile,#5651FF,#D1D1D1,Asia,#5651FF,P724085
Mobile,#5651FF,#D1D1D1,Asia,#5651FF,P724377
Mobile,#5651FF,#D1D1D1,Asia,#5651FF,P724762
Mobile,#5651FF,#D1D1D1,Asia,#5651FF,P724773
Mobile,#5651FF,#D1D1D1,Asia,#5651FF,P724951
Mobile,#5651FF,#D1D1D1,Asia,#5651FF,P725801
Mobile,#5651FF,#D1D1D1,Asia,#5651FF,P726334
Mobile,#5651FF,#D1D1D1,Asia,#5651FF,P727439
Mobile,#5651FF,#D1D1D1,Asia,#5651FF,P727763
Mobile,#5651FF,#D1D1D1,Asia,#5651FF,P728161
Mobile,#5651FF,#D1D1D1,Asia,#5651FF,P728532
Mobile,#5651FF,#D1D1D1,Asia,#5651FF,P729283
Mobile,#5651FF,#D1D1D1,Asia,#5651FF,P730618
Mobile,#5651FF,#D1D1D1,Asia,#5651FF,P73155
Mobile,#5651FF,#D1D1D1,Asia,#5651FF,P731554
Mobile,#5651FF,#D1D1D1,Asia,#5651FF,P733848
Mobile,#5651FF,#D1D1D1,Asia,#5651FF,P734472
Mobile,#5651FF,#D1D1D1,Asia,#5651FF,P734980
Mobile,#5651FF,#D1D1D1,Asia,#5651FF,P735276
Mobile,#5651FF,#D1D1D1,Asia,#5651FF,P736932
Mobile,#5651FF,#D1D1D1,Asia,#5651FF,P738127
Mobile,#5651FF,#D1D1D1,Asia,#5651FF,P741818
Mobile,#5651FF,#D1D1D1,Asia,#5651FF,P742217
Mobile,#5651FF,#D1D1D1,Asia,#5651FF,P742527
Mobile,#5651FF,#D1D1D1,Asia,#5651FF,P742875
Mobile,#5651FF,#D1D1D1,Asia,#5651FF,P743827
Mobile,#5651FF,#D1D1D1,Asia,#5651FF,P743859
Mobile,#5651FF,#D1D1D1,Asia,#5651FF,P74414
Mobile,#5651FF,#D1D1D1,Asia,#5651FF,P746950
Mobile,#5651FF,#D1D1D1,Asia,#5651FF,P748723
Mobile,#5651FF,#D1D1D1,Asia,#5651FF,P749105
Mobile,#5651FF,#D1D1D1,Asia,#5651FF,P749456
Mobile,#5651FF,#D1D1D1,Asia,#5651FF,P749522
Mobile,#5651FF,#D1D1D1,Asia,#5651FF,P750877
Mobile,#5651FF,#D1D1D1,Asia,#5651FF,P751314
Mobile,#5651FF,#D1D1D1,Asia,#5651FF,P75212
Mobile,#5651FF,#D1D1D1,Asia,#5651FF,P752568
Mobile,#5651FF,#D1D1D1,Asia,#5651FF,P752781
Mobile,#5651FF,#D1D1D1,Asia,#5651FF,P753823
Mobile,#5651FF,#D1D1D1,Asia,#5651FF,P755194
Mobile,#5651FF,#D1D1D1,Asia,#5651FF,P756701
Mobile,#5651FF,#D1D1D1,Asia,#5651FF,P757186
Mobile,#5651FF,#D1D1D1,Asia,#5651FF,P757384
Mobile,#5651FF,#D1D1D1,Asia,#5651FF,P758982
Mobile,#5651FF,#D1D1D1,Asia,#5651FF,P762150
Mobile,#5651FF,#D1D1D1,Asia,#5651FF,P763615
Mobile,#5651FF,#D1D1D1,Asia,#5651FF,P763668
Mobile,#5651FF,#D1D1D1,Asia,#5651FF,P76454
Mobile,#5651FF,#D1D1D1,Asia,#5651FF,P764844
Mobile,#5651FF,#D1D1D1,Asia,#5651FF,P768670
Mobile,#5651FF,#D1D1D1,Asia,#5651FF,P770648
Mobile,#5651FF,#D1D1D1,Asia,#5651FF,P770818
Mobile,#5651FF,#D1D1D1,Asia,#5651FF,P773358
Mobile,#5651FF,#D1D1D1,Asia,#5651FF,P773780
Mobile,#5651FF,#D1D1D1,Asia,#5651FF,P774166
Mobile,#5651FF,#D1D1D1,Asia,#5651FF,P774563
Mobile,#5651FF,#D1D1D1,Asia,#5651FF,P77518
Mobile,#5651FF,#D1D1D1,Asia,#5651FF,P78014
Mobile,#5651FF,#D1D1D1,Asia,#5651FF,P780429
Mobile,#5651FF,#D1D1D1,Asia,#5651FF,P780545
Mobile,#5651FF,#D1D1D1,Asia,#5651FF,P781042
Mobile,#5651FF,#D1D1D1,Asia,#5651FF,P78224
Mobile,#5651FF,#D1D1D1,Asia,#5651FF,P782959
Mobile,#5651FF,#D1D1D1,Asia,#5651FF,P784241
Mobile,#5651FF,#D1D1D1,Asia,#5651FF,P784538
Mobile,#5651FF,#D1D1D1,Asia,#5651FF,P785232
Mobile,#5651FF,#D1D1D1,Asia,#5651FF,P785256
Mobile,#5651FF,#D1D1D1,Asia,#5651FF,P785712
Mobile,#5651FF,#D1D1D1,Asia,#5651FF,P787777
Mobile,#5651FF,#D1D1D1,Asia,#5651FF,P788016
Mobile,#5651FF,#D1D1D1,Asia,#5651FF,P788026
Mobile,#5651FF,#D1D1D1,Asia,#5651FF,P788665
Mobile,#5651FF,#D1D1D1,Asia,#5651FF,P790488
Mobile,#5651FF,#D1D1D1,Asia,#5651FF,P791106
Mobile,#5651FF,#D1D1D1,Asia,#5651FF,P791215
Mobile,#5651FF,#D1D1D1,Asia,#5651FF,P791435
Mobile,#5651FF,#D1D1D1,Asia,#5651FF,P79157
Mobile,#5651FF,#D1D1D1,Asia,#5651FF,P792832
Mobile,#5651FF,#D1D1D1,Asia,#5651FF,P79317
Mobile,#5651FF,#D1D1D1,Asia,#5651FF,P79350
Mobile,#5651FF,#D1D1D1,Asia,#5651FF,P795386
Mobile,#5651FF,#D1D1D1,Asia,#5651FF,P795799
Mobile,#5651FF,#D1D1D1,Asia,#5651FF,P795847
Mobile,#5651FF,#D1D1D1,Asia,#5651FF,P796014
Mobile,#5651FF,#D1D1D1,Asia,#5651FF,P796547
Mobile,#5651FF,#D1D1D1,Asia,#5651FF,P798638
Mobile,#5651FF,#D1D1D1,Asia,#5651FF,P799623
Mobile,#5651FF,#D1D1D1,Asia,#5651FF,P799820
Mobile,#5651FF,#D1D1D1,Asia,#5651FF,P799854
Mobile,#5651FF,#D1D1D1,Asia,#5651FF,P802006
Mobile,#5651FF,#D1D1D1,Asia,#5651FF,P804181
Mobile,#5651FF,#D1D1D1,Asia,#5651FF,P804526
Mobile,#5651FF,#D1D1D1,Asia,#5651FF,P807356
Mobile,#5651FF,#D1D1D1,Asia,#5651FF,P807578
Mobile,#5651FF,#D1D1D1,Asia,#5651FF,P808312
Mobile,#5651FF,#D1D1D1,Asia,#5651FF,P808759
Mobile,#5651FF,#D1D1D1,Asia,#5651FF,P809661
Mobile,#5651FF,#D1D1D1,Asia,#5651FF,P809693
Mobile,#5651FF,#D1D1D1,Asia,#5651FF,P81122
Mobile,#5651FF,#D1D1D1,Asia,#5651FF,P811524
Mobile,#5651FF,#D1D1D1,Asia,#5651FF,P811651
Mobile,#5651FF,#D1D1D1,Asia,#5651FF,P812758
Mobile,#5651FF,#D1D1D1,Asia,#5651FF,P81288
Mobile,#5651FF,#D1D1D1,Asia,#5651FF,P813238
Mobile,#5651FF,#D1D1D1,Asia,#5651FF,P813296
Mobile,#5651FF,#D1D1D1,Asia,#5651FF,P815735
Mobile,#5651FF,#D1D1D1,Asia,#5651FF,P816383
Mobile,#5651FF,#D1D1D1,Asia,#5651FF,P81758
Mobile,#5651FF,#D1D1D1,Asia,#5651FF,P818944
Mobile,#5651FF,#D1D1D1,Asia,#5651FF,P819059
Mobile,#5651FF,#D1D1D1,Asia,#5651FF,P819299
Mobile,#5651FF,#D1D1D1,Asia,#5651FF,P821345
Mobile,#5651FF,#D1D1D1,Asia,#5651FF,P821485
Mobile,#5651FF,#D1D1D1,Asia,#5651FF,P821984
Mobile,#5651FF,#D1D1D1,Asia,#5651FF,P82297
Mobile,#5651FF,#D1D1D1,Asia,#5651FF,P825377
Mobile,#5651FF,#D1D1D1,Asia,#5651FF,P825959
Mobile,#5651FF,#D1D1D1,Asia,#5651FF,P826276
Mobile,#5651FF,#D1D1D1,Asia,#5651FF,P826577
Mobile,#5651FF,#D1D1D1,Asia,#5651FF,P826713
Mobile,#5651FF,#D1D1D1,Asia,#5651FF,P829108
Mobile,#5651FF,#D1D1D1,Asia,#5651FF,P83
Mobile,#5651FF,#D1D1D1,Asia,#5651FF,P832185
Mobile,#5651FF,#D1D1D1,Asia,#5651FF,P832669
Mobile,#5651FF,#D1D1D1,Asia,#5651FF,P83508
Mobile,#5651FF,#D1D1D1,Asia,#5651FF,P83544
Mobile,#5651FF,#D1D1D1,Asia,#5651FF,P835981
Mobile,#5651FF,#D1D1D1,Asia,#5651FF,P835988
Mobile,#5651FF,#D1D1D1,Asia,#5651FF,P836039
Mobile,#5651FF,#D1D1D1,Asia,#5651FF,P836043
Mobile,#5651FF,#D1D1D1,Asia,#5651FF,P836063
Mobile,#5651FF,#D1D1D1,Asia,#5651FF,P837051
Mobile,#5651FF,#D1D1D1,Asia,#5651FF,P837292
Mobile,#5651FF,#D1D1D1,Asia,#5651FF,P83880
Mobile,#5651FF,#D1D1D1,Asia,#5651FF,P839301
Mobile,#5651FF,#D1D1D1,Asia,#5651FF,P840892
Mobile,#5651FF,#D1D1D1,Asia,#5651FF,P842825
Mobile,#5651FF,#D1D1D1,Asia,#5651FF,P843116
Mobile,#5651FF,#D1D1D1,Asia,#5651FF,P844913
Mobile,#5651FF,#D1D1D1,Asia,#5651FF,P845574
Mobile,#5651FF,#D1D1D1,Asia,#5651FF,P846421
Mobile,#5651FF,#D1D1D1,Asia,#5651FF,P846932
Mobile,#5651FF,#D1D1D1,Asia,#5651FF,P849039
Mobile,#5651FF,#D1D1D1,Asia,#5651FF,P850016
Mobile,#5651FF,#D1D1D1,Asia,#5651FF,P850877
Mobile,#5651FF,#D1D1D1,Asia,#5651FF,P851290
Mobile,#5651FF,#D1D1D1,Asia,#5651FF,P853949
Mobile,#5651FF,#D1D1D1,Asia,#5651FF,P854510
Mobile,#5651FF,#D1D1D1,Asia,#5651FF,P857558
Mobile,#5651FF,#D1D1D1,Asia,#5651FF,P858199
Mobile,#5651FF,#D1D1D1,Asia,#5651FF,P859125
Mobile,#5651FF,#D1D1D1,Asia,#5651FF,P861087
Mobile,#5651FF,#D1D1D1,Asia,#5651FF,P861643
Mobile,#5651FF,#D1D1D1,Asia,#5651FF,P862438
Mobile,#5651FF,#D1D1D1,Asia,#5651FF,P86463
Mobile,#5651FF,#D1D1D1,Asia,#5651FF,P865816
Mobile,#5651FF,#D1D1D1,Asia,#5651FF,P866011
Mobile,#5651FF,#D1D1D1,Asia,#5651FF,P866485
Mobile,#5651FF,#D1D1D1,Asia,#5651FF,P867371
Mobile,#5651FF,#D1D1D1,Asia,#5651FF,P867851
Mobile,#5651FF,#D1D1D1,Asia,#5651FF,P869151
Mobile,#5651FF,#D1D1D1,Asia,#5651FF,P869281
Mobile,#5651FF,#D1D1D1,Asia,#5651FF,P870298
Mobile,#5651FF,#D1D1D1,Asia,#5651FF,P871045
Mobile,#5651FF,#D1D1D1,Asia,#5651FF,P871239
Mobile,#5651FF,#D1D1D1,Asia,#5651FF,P871394
Mobile,#5651FF,#D1D1D1,Asia,#5651FF,P872392
Mobile,#5651FF,#D1D1D1,Asia,#5651FF,P872487
Mobile,#5651FF,#D1D1D1,Asia,#5651FF,P873113
Mobile,#5651FF,#D1D1D1,Asia,#5651FF,P873745
Mobile,#5651FF,#D1D1D1,Asia,#5651FF,P874613
Mobile,#5651FF,#D1D1D1,Asia,#5651FF,P875947
Mobile,#5651FF,#D1D1D1,Asia,#5651FF,P878024
Mobile,#5651FF,#D1D1D1,Asia,#5651FF,P879902
Mobile,#5651FF,#D1D1D1,Asia,#5651FF,P880082
Mobile,#5651FF,#D1D1D1,Asia,#5651FF,P880175
Mobile,#5651FF,#D1D1D1,Asia,#5651FF,P880350
Mobile,#5651FF,#D1D1D1,Asia,#5651FF,P882071
Mobile,#5651FF,#D1D1D1,Asia,#5651FF,P884806
Mobile,#5651FF,#D1D1D1,Asia,#5651FF,P88542
Mobile,#5651FF,#D1D1D1,Asia,#5651FF,P885529
Mobile,#5651FF,#D1D1D1,Asia,#5651FF,P885983
Mobile,#5651FF,#D1D1D1,Asia,#5651FF,P888056
Mobile,#5651FF,#D1D1D1,Asia,#5651FF,P891802
Mobile,#5651FF,#D1D1D1,Asia,#5651FF,P892528
Mobile,#5651FF,#D1D1D1,Asia,#5651FF,P893548
Mobile,#5651FF,#D1D1D1,Asia,#5651FF,P894492
Mobile,#5651FF,#D1D1D1,Asia,#5651FF,P894499
Mobile,#5651FF,#D1D1D1,Asia,#5651FF,P894976
Mobile,#5651FF,#D1D1D1,Asia,#5651FF,P8959
Mobile,#5651FF,#D1D1D1,Asia,#5651FF,P89719
Mobile,#5651FF,#D1D1D1,Asia,#5651FF,P897281
Mobile,#5651FF,#D1D1D1,Asia,#5651FF,P897717
Mobile,#5651FF,#D1D1D1,Asia,#5651FF,P899177
Mobile,#5651FF,#D1D1D1,Asia,#5651FF,P899324
Mobile,#5651FF,#D1D1D1,Asia,#5651FF,P899739
Mobile,#5651FF,#D1D1D1,Asia,#5651FF,P900956
Mobile,#5651FF,#D1D1D1,Asia,#5651FF,P902124
Mobile,#5651FF,#D1D1D1,Asia,#5651FF,P902446
Mobile,#5651FF,#D1D1D1,Asia,#5651FF,P902594
Mobile,#5651FF,#D1D1D1,Asia,#5651FF,P902803
Mobile,#5651FF,#D1D1D1,Asia,#5651FF,P903724
Mobile,#5651FF,#D1D1D1,Asia,#5651FF,P905057
Mobile,#5651FF,#D1D1D1,Asia,#5651FF,P905303
Mobile,#5651FF,#D1D1D1,Asia,#5651FF,P906105
Mobile,#5651FF,#D1D1D1,Asia,#5651FF,P906610
Mobile,#5651FF,#D1D1D1,Asia,#5651FF,P906799
Mobile,#5651FF,#D1D1D1,Asia,#5651FF,P907663
Mobile,#5651FF,#D1D1D1,Asia,#5651FF,P908281
Mobile,#5651FF,#D1D1D1,Asia,#5651FF,P908448
Mobile,#5651FF,#D1D1D1,Asia,#5651FF,P908756
Mobile,#5651FF,#D1D1D1,Asia,#5651FF,P90883
Mobile,#5651FF,#D1D1D1,Asia,#5651FF,P910134
Mobile,#5651FF,#D1D1D1,Asia,#5651FF,P911686
Mobile,#5651FF,#D1D1D1,Asia,#5651FF,P911996
Mobile,#5651FF,#D1D1D1,Asia,#5651FF,P912937
Mobile,#5651FF,#D1D1D1,Asia,#5651FF,P914573
Mobile,#5651FF,#D1D1D1,Asia,#5651FF,P915277
Mobile,#5651FF,#D1D1D1,Asia,#5651FF,P916400
Mobile,#5651FF,#D1D1D1,Asia,#5651FF,P918883
Mobile,#5651FF,#D1D1D1,Asia,#5651FF,P919174
Mobile,#5651FF,#D1D1D1,Asia,#5651FF,P91922
Mobile,#5651FF,#D1D1D1,Asia,#5651FF,P919294
Mobile,#5651FF,#D1D1D1,Asia,#5651FF,P919718
Mobile,#5651FF,#D1D1D1,Asia,#5651FF,P920115
Mobile,#5651FF,#D1D1D1,Asia,#5651FF,P920356
Mobile,#5651FF,#D1D1D1,Asia,#5651FF,P92391
Mobile,#5651FF,#D1D1D1,Asia,#5651FF,P925337
Mobile,#5651FF,#D1D1D1,Asia,#5651FF,P925556
Mobile,#5651FF,#D1D1D1,Asia,#5651FF,P926322
Mobile,#5651FF,#D1D1D1,Asia,#5651FF,P927640
Mobile,#5651FF,#D1D1D1,Asia,#5651FF,P930697
Mobile,#5651FF,#D1D1D1,Asia,#5651FF,P931532
Mobile,#5651FF,#D1D1D1,Asia,#5651FF,P931942
Mobile,#5651FF,#D1D1D1,Asia,#5651FF,P932393
Mobile,#5651FF,#D1D1D1,Asia,#5651FF,P932424
Mobile,#5651FF,#D1D1D1,Asia,#5651FF,P932482
Mobile,#5651FF,#D1D1D1,Asia,#5651FF,P933608
Mobile,#5651FF,#D1D1D1,Asia,#5651FF,P934266
Mobile,#5651FF,#D1D1D1,Asia,#5651FF,P934989
Mobile,#5651FF,#D1D1D1,Asia,#5651FF,P936290
Mobile,#5651FF,#D1D1D1,Asia,#5651FF,P937336
Mobile,#5651FF,#D1D1D1,Asia,#5651FF,P937948
Mobile,#5651FF,#D1D1D1,Asia,#5651FF,P939475
Mobile,#5651FF,#D1D1D1,Asia,#5651FF,P93977
Mobile,#5651FF,#D1D1D1,Asia,#5651FF,P939782
Mobile,#5651FF,#D1D1D1,Asia,#5651FF,P941744
Mobile,#5651FF,#D1D1D1,Asia,#5651FF,P944226
Mobile,#5651FF,#D1D1D1,Asia,#5651FF,P944895
Mobile,#5651FF,#D1D1D1,Asia,#5651FF,P945521
Mobile,#5651FF,#D1D1D1,Asia,#5651FF,P94564
Mobile,#5651FF,#D1D1D1,Asia,#5651FF,P945875
Mobile,#5651FF,#D1D1D1,Asia,#5651FF,P94674
Mobile,#5651FF,#D1D1D1,Asia,#5651FF,P952822
Mobile,#5651FF,#D1D1D1,Asia,#5651FF,P956311
Mobile,#5651FF,#D1D1D1,Asia,#5651FF,P956936
Mobile,#5651FF,#D1D1D1,Asia,#5651FF,P95807
Mobile,#5651FF,#D1D1D1,Asia,#5651FF,P95904
Mobile,#5651FF,#D1D1D1,Asia,#5651FF,P96034
Mobile,#5651FF,#D1D1D1,Asia,#5651FF,P961243
Mobile,#5651FF,#D1D1D1,Asia,#5651FF,P961741
Mobile,#5651FF,#D1D1D1,Asia,#5651FF,P961755
Mobile,#5651FF,#D1D1D1,Asia,#5651FF,P964200
Mobile,#5651FF,#D1D1D1,Asia,#5651FF,P968714
Mobile,#5651FF,#D1D1D1,Asia,#5651FF,P969159
Mobile,#5651FF,#D1D1D1,Asia,#5651FF,P972436
Mobile,#5651FF,#D1D1D1,Asia,#5651FF,P972847
Mobile,#5651FF,#D1D1D1,Asia,#5651FF,P977329
Mobile,#5651FF,#D1D1D1,Asia,#5651FF,P97830
Mobile,#5651FF,#D1D1D1,Asia,#5651FF,P980341
Mobile,#5651FF,#D1D1D1,Asia,#5651FF,P982054
Mobile,#5651FF,#D1D1D1,Asia,#5651FF,P984894
Mobile,#5651FF,#D1D1D1,Asia,#5651FF,P988458
Mobile,#5651FF,#D1D1D1,Asia,#5651FF,P992121
Mobile,#5651FF,#D1D1D1,Asia,#5651FF,P992798
Mobile,#5651FF,#D1D1D1,Asia,#5651FF,P993147
Mobile,#5651FF,#D1D1D1,Asia,#5651FF,P993846
Mobile,#5651FF,#D1D1D1,Asia,#5651FF,P995114
Mobile,#5651FF,#D1D1D1,Asia,#5651FF,P995214
Mobile,#5651FF,#D1D1D1,Asia,#5651FF,P998222
Mobile,#5651FF,#D1D1D1,Asia,#5651FF,P998246
Mobile,#5651FF,#D1D1D1,Asia,#5651FF,P998955
Mobile,#5651FF,#D1D1D1,Asia,#5651FF,P998977
Mobile,#5651FF,#D1D1D1,Asia,#5651FF,P999014
Mobile,#5651FF,#D1D1D1,Europe,#F61C85,P101615
Mobile,#5651FF,#D1D1D1,Europe,#F61C85,P107596
Mobile,#5651FF,#D1D1D1,Europe,#F61C85,P109098
Mobile,#5651FF,#D1D1D1,Europe,#F61C85,P11079
Mobile,#5651FF,#D1D1D1,Europe,#F61C85,P111002
Mobile,#5651FF,#D1D1D1,Europe,#F61C85,P111530
Mobile,#5651FF,#D1D1D1,Europe,#F61C85,P120694
Mobile,#5651FF,#D1D1D1,Europe,#F61C85,P121633
Mobile,#5651FF,#D1D1D1,Europe,#F61C85,P125194
Mobile,#5651FF,#D1D1D1,Europe,#F61C85,P12686
Mobile,#5651FF,#D1D1D1,Europe,#F61C85,P133563
Mobile,#5651FF,#D1D1D1,Europe,#F61C85,P133749
Mobile,#5651FF,#D1D1D1,Europe,#F61C85,P142397
Mobile,#5651FF,#D1D1D1,Europe,#F61C85,P143212
Mobile,#5651FF,#D1D1D1,Europe,#F61C85,P145961
Mobile,#5651FF,#D1D1D1,Europe,#F61C85,P146098
Mobile,#5651FF,#D1D1D1,Europe,#F61C85,P149774
Mobile,#5651FF,#D1D1D1,Europe,#F61C85,P156456
Mobile,#5651FF,#D1D1D1,Europe,#F61C85,P157269
Mobile,#5651FF,#D1D1D1,Europe,#F61C85,P161571
Mobile,#5651FF,#D1D1D1,Europe,#F61C85,P163928
Mobile,#5651FF,#D1D1D1,Europe,#F61C85,P166476
Mobile,#5651FF,#D1D1D1,Europe,#F61C85,P170178
Mobile,#5651FF,#D1D1D1,Europe,#F61C85,P171758
Mobile,#5651FF,#D1D1D1,Europe,#F61C85,P175837
Mobile,#5651FF,#D1D1D1,Europe,#F61C85,P176449
Mobile,#5651FF,#D1D1D1,Europe,#F61C85,P191060
Mobile,#5651FF,#D1D1D1,Europe,#F61C85,P193953
Mobile,#5651FF,#D1D1D1,Europe,#F61C85,P198223
Mobile,#5651FF,#D1D1D1,Europe,#F61C85,P207295
Mobile,#5651FF,#D1D1D1,Europe,#F61C85,P222620
Mobile,#5651FF,#D1D1D1,Europe,#F61C85,P227269
Mobile,#5651FF,#D1D1D1,Europe,#F61C85,P228516
Mobile,#5651FF,#D1D1D1,Europe,#F61C85,P230657
Mobile,#5651FF,#D1D1D1,Europe,#F61C85,P232516
Mobile,#5651FF,#D1D1D1,Europe,#F61C85,P235449
Mobile,#5651FF,#D1D1D1,Europe,#F61C85,P236576
Mobile,#5651FF,#D1D1D1,Europe,#F61C85,P244852
Mobile,#5651FF,#D1D1D1,Europe,#F61C85,P246682
Mobile,#5651FF,#D1D1D1,Europe,#F61C85,P249243
Mobile,#5651FF,#D1D1D1,Europe,#F61C85,P249848
Mobile,#5651FF,#D1D1D1,Europe,#F61C85,P252970
Mobile,#5651FF,#D1D1D1,Europe,#F61C85,P253445
Mobile,#5651FF,#D1D1D1,Europe,#F61C85,P266812
Mobile,#5651FF,#D1D1D1,Europe,#F61C85,P267506
Mobile,#5651FF,#D1D1D1,Europe,#F61C85,P268786
Mobile,#5651FF,#D1D1D1,Europe,#F61C85,P27164
Mobile,#5651FF,#D1D1D1,Europe,#F61C85,P272866
Mobile,#5651FF,#D1D1D1,Europe,#F61C85,P274074
Mobile,#5651FF,#D1D1D1,Europe,#F61C85,P274571
Mobile,#5651FF,#D1D1D1,Europe,#F61C85,P277093
Mobile,#5651FF,#D1D1D1,Europe,#F61C85,P277103
Mobile,#5651FF,#D1D1D1,Europe,#F61C85,P278289
Mobile,#5651FF,#D1D1D1,Europe,#F61C85,P281515
Mobile,#5651FF,#D1D1D1,Europe,#F61C85,P283287
Mobile,#5651FF,#D1D1D1,Europe,#F61C85,P2853
Mobile,#5651FF,#D1D1D1,Europe,#F61C85,P287232
Mobile,#5651FF,#D1D1D1,Europe,#F61C85,P292393
Mobile,#5651FF,#D1D1D1,Europe,#F61C85,P294264
Mobile,#5651FF,#D1D1D1,Europe,#F61C85,P29565
Mobile,#5651FF,#D1D1D1,Europe,#F61C85,P297930
Mobile,#5651FF,#D1D1D1,Europe,#F61C85,P298538
Mobile,#5651FF,#D1D1D1,Europe,#F61C85,P302434
Mobile,#5651FF,#D1D1D1,Europe,#F61C85,P305983
Mobile,#5651FF,#D1D1D1,Europe,#F61C85,P308742
Mobile,#5651FF,#D1D1D1,Europe,#F61C85,P31183
Mobile,#5651FF,#D1D1D1,Europe,#F61C85,P313192
Mobile,#5651FF,#D1D1D1,Europe,#F61C85,P315507
Mobile,#5651FF,#D1D1D1,Europe,#F61C85,P317853
Mobile,#5651FF,#D1D1D1,Europe,#F61C85,P317930
Mobile,#5651FF,#D1D1D1,Europe,#F61C85,P318362
Mobile,#5651FF,#D1D1D1,Europe,#F61C85,P319291
Mobile,#5651FF,#D1D1D1,Europe,#F61C85,P322225
Mobile,#5651FF,#D1D1D1,Europe,#F61C85,P322900
Mobile,#5651FF,#D1D1D1,Europe,#F61C85,P323847
Mobile,#5651FF,#D1D1D1,Europe,#F61C85,P329856
Mobile,#5651FF,#D1D1D1,Europe,#F61C85,P33192
Mobile,#5651FF,#D1D1D1,Europe,#F61C85,P338172
Mobile,#5651FF,#D1D1D1,Europe,#F61C85,P338910
Mobile,#5651FF,#D1D1D1,Europe,#F61C85,P340229
Mobile,#5651FF,#D1D1D1,Europe,#F61C85,P341069
Mobile,#5651FF,#D1D1D1,Europe,#F61C85,P343929
Mobile,#5651FF,#D1D1D1,Europe,#F61C85,P347780
Mobile,#5651FF,#D1D1D1,Europe,#F61C85,P350408
Mobile,#5651FF,#D1D1D1,Europe,#F61C85,P351174
Mobile,#5651FF,#D1D1D1,Europe,#F61C85,P362009
Mobile,#5651FF,#D1D1D1,Europe,#F61C85,P362978
Mobile,#5651FF,#D1D1D1,Europe,#F61C85,P380251
Mobile,#5651FF,#D1D1D1,Europe,#F61C85,P384562
Mobile,#5651FF,#D1D1D1,Europe,#F61C85,P384803
Mobile,#5651FF,#D1D1D1,Europe,#F61C85,P386762
Mobile,#5651FF,#D1D1D1,Europe,#F61C85,P392426
Mobile,#5651FF,#D1D1D1,Europe,#F61C85,P39428
Mobile,#5651FF,#D1D1D1,Europe,#F61C85,P396054
Mobile,#5651FF,#D1D1D1,Europe,#F61C85,P396298
Mobile,#5651FF,#D1D1D1,Europe,#F61C85,P399802
Mobile,#5651FF,#D1D1D1,Europe,#F61C85,P401107
Mobile,#5651FF,#D1D1D1,Europe,#F61C85,P406018
Mobile,#5651FF,#D1D1D1,Europe,#F61C85,P407182
Mobile,#5651FF,#D1D1D1,Europe,#F61C85,P411019
Mobile,#5651FF,#D1D1D1,Europe,#F61C85,P419221
Mobile,#5651FF,#D1D1D1,Europe,#F61C85,P419463
Mobile,#5651FF,#D1D1D1,Europe,#F61C85,P420336
Mobile,#5651FF,#D1D1D1,Europe,#F61C85,P424965
Mobile,#5651FF,#D1D1D1,Europe,#F61C85,P431530
Mobile,#5651FF,#D1D1D1,Europe,#F61C85,P431780
Mobile,#5651FF,#D1D1D1,Europe,#F61C85,P435367
Mobile,#5651FF,#D1D1D1,Europe,#F61C85,P435734
Mobile,#5651FF,#D1D1D1,Europe,#F61C85,P445351
Mobile,#5651FF,#D1D1D1,Europe,#F61C85,P449263
Mobile,#5651FF,#D1D1D1,Europe,#F61C85,P451481
Mobile,#5651FF,#D1D1D1,Europe,#F61C85,P45945
Mobile,#5651FF,#D1D1D1,Europe,#F61C85,P461500
Mobile,#5651FF,#D1D1D1,Europe,#F61C85,P463205
Mobile,#5651FF,#D1D1D1,Europe,#F61C85,P463800
Mobile,#5651FF,#D1D1D1,Europe,#F61C85,P465879
Mobile,#5651FF,#D1D1D1,Europe,#F61C85,P466582
Mobile,#5651FF,#D1D1D1,Europe,#F61C85,P471296
Mobile,#5651FF,#D1D1D1,Europe,#F61C85,P47249
Mobile,#5651FF,#D1D1D1,Europe,#F61C85,P480688
Mobile,#5651FF,#D1D1D1,Europe,#F61C85,P482161
Mobile,#5651FF,#D1D1D1,Europe,#F61C85,P48245
Mobile,#5651FF,#D1D1D1,Europe,#F61C85,P48553
Mobile,#5651FF,#D1D1D1,Europe,#F61C85,P486467
Mobile,#5651FF,#D1D1D1,Europe,#F61C85,P492738
Mobile,#5651FF,#D1D1D1,Europe,#F61C85,P49380
Mobile,#5651FF,#D1D1D1,Europe,#F61C85,P494412
Mobile,#5651FF,#D1D1D1,Europe,#F61C85,P498929
Mobile,#5651FF,#D1D1D1,Europe,#F61C85,P501220
Mobile,#5651FF,#D1D1D1,Europe,#F61C85,P501537
Mobile,#5651FF,#D1D1D1,Europe,#F61C85,P504507
Mobile,#5651FF,#D1D1D1,Europe,#F61C85,P509131
Mobile,#5651FF,#D1D1D1,Europe,#F61C85,P514557
Mobile,#5651FF,#D1D1D1,Europe,#F61C85,P525736
Mobile,#5651FF,#D1D1D1,Europe,#F61C85,P534860
Mobile,#5651FF,#D1D1D1,Europe,#F61C85,P543502
Mobile,#5651FF,#D1D1D1,Europe,#F61C85,P554575
Mobile,#5651FF,#D1D1D1,Europe,#F61C85,P555290
Mobile,#5651FF,#D1D1D1,Europe,#F61C85,P565035
Mobile,#5651FF,#D1D1D1,Europe,#F61C85,P572239
Mobile,#5651FF,#D1D1D1,Europe,#F61C85,P575253
Mobile,#5651FF,#D1D1D1,Europe,#F61C85,P57814
Mobile,#5651FF,#D1D1D1,Europe,#F61C85,P578468
Mobile,#5651FF,#D1D1D1,Europe,#F61C85,P578523
Mobile,#5651FF,#D1D1D1,Europe,#F61C85,P580769
Mobile,#5651FF,#D1D1D1,Europe,#F61C85,P58653
Mobile,#5651FF,#D1D1D1,Europe,#F61C85,P588051
Mobile,#5651FF,#D1D1D1,Europe,#F61C85,P591585
Mobile,#5651FF,#D1D1D1,Europe,#F61C85,P594058
Mobile,#5651FF,#D1D1D1,Europe,#F61C85,P59840
Mobile,#5651FF,#D1D1D1,Europe,#F61C85,P599168
Mobile,#5651FF,#D1D1D1,Europe,#F61C85,P605249
Mobile,#5651FF,#D1D1D1,Europe,#F61C85,P60720
Mobile,#5651FF,#D1D1D1,Europe,#F61C85,P609875
Mobile,#5651FF,#D1D1D1,Europe,#F61C85,P616335
Mobile,#5651FF,#D1D1D1,Europe,#F61C85,P619530
Mobile,#5651FF,#D1D1D1,Europe,#F61C85,P619682
Mobile,#5651FF,#D1D1D1,Europe,#F61C85,P626715
Mobile,#5651FF,#D1D1D1,Europe,#F61C85,P633090
Mobile,#5651FF,#D1D1D1,Europe,#F61C85,P638636
Mobile,#5651FF,#D1D1D1,Europe,#F61C85,P641024
Mobile,#5651FF,#D1D1D1,Europe,#F61C85,P641343
Mobile,#5651FF,#D1D1D1,Europe,#F61C85,P64250
Mobile,#5651FF,#D1D1D1,Europe,#F61C85,P647541
Mobile,#5651FF,#D1D1D1,Europe,#F61C85,P655978
Mobile,#5651FF,#D1D1D1,Europe,#F61C85,P658168
Mobile,#5651FF,#D1D1D1,Europe,#F61C85,P659332
Mobile,#5651FF,#D1D1D1,Europe,#F61C85,P662148
Mobile,#5651FF,#D1D1D1,Europe,#F61C85,P662175
Mobile,#5651FF,#D1D1D1,Europe,#F61C85,P663692
Mobile,#5651FF,#D1D1D1,Europe,#F61C85,P664900
Mobile,#5651FF,#D1D1D1,Europe,#F61C85,P677645
Mobile,#5651FF,#D1D1D1,Europe,#F61C85,P678417
Mobile,#5651FF,#D1D1D1,Europe,#F61C85,P685534
Mobile,#5651FF,#D1D1D1,Europe,#F61C85,P686359
Mobile,#5651FF,#D1D1D1,Europe,#F61C85,P689322
Mobile,#5651FF,#D1D1D1,Europe,#F61C85,P693239
Mobile,#5651FF,#D1D1D1,Europe,#F61C85,P697158
Mobile,#5651FF,#D1D1D1,Europe,#F61C85,P698408
Mobile,#5651FF,#D1D1D1,Europe,#F61C85,P702926
Mobile,#5651FF,#D1D1D1,Europe,#F61C85,P7052
Mobile,#5651FF,#D1D1D1,Europe,#F61C85,P706053
Mobile,#5651FF,#D1D1D1,Europe,#F61C85,P706804
Mobile,#5651FF,#D1D1D1,Europe,#F61C85,P707278
Mobile,#5651FF,#D1D1D1,Europe,#F61C85,P707815
Mobile,#5651FF,#D1D1D1,Europe,#F61C85,P714379
Mobile,#5651FF,#D1D1D1,Europe,#F61C85,P715350
Mobile,#5651FF,#D1D1D1,Europe,#F61C85,P721194
Mobile,#5651FF,#D1D1D1,Europe,#F61C85,P721284
Mobile,#5651FF,#D1D1D1,Europe,#F61C85,P723351
Mobile,#5651FF,#D1D1D1,Europe,#F61C85,P724291
Mobile,#5651FF,#D1D1D1,Europe,#F61C85,P730272
Mobile,#5651FF,#D1D1D1,Europe,#F61C85,P73306
Mobile,#5651FF,#D1D1D1,Europe,#F61C85,P740039
Mobile,#5651FF,#D1D1D1,Europe,#F61C85,P740160
Mobile,#5651FF,#D1D1D1,Europe,#F61C85,P741459
Mobile,#5651FF,#D1D1D1,Europe,#F61C85,P742110
Mobile,#5651FF,#D1D1D1,Europe,#F61C85,P744094
Mobile,#5651FF,#D1D1D1,Europe,#F61C85,P744137
Mobile,#5651FF,#D1D1D1,Europe,#F61C85,P744860
Mobile,#5651FF,#D1D1D1,Europe,#F61C85,P747467
Mobile,#5651FF,#D1D1D1,Europe,#F61C85,P752912
Mobile,#5651FF,#D1D1D1,Europe,#F61C85,P752976
Mobile,#5651FF,#D1D1D1,Europe,#F61C85,P754563
Mobile,#5651FF,#D1D1D1,Europe,#F61C85,P756619
Mobile,#5651FF,#D1D1D1,Europe,#F61C85,P770005
Mobile,#5651FF,#D1D1D1,Europe,#F61C85,P773264
Mobile,#5651FF,#D1D1D1,Europe,#F61C85,P774162
Mobile,#5651FF,#D1D1D1,Europe,#F61C85,P776748
Mobile,#5651FF,#D1D1D1,Europe,#F61C85,P777847
Mobile,#5651FF,#D1D1D1,Europe,#F61C85,P778325
Mobile,#5651FF,#D1D1D1,Europe,#F61C85,P778427
Mobile,#5651FF,#D1D1D1,Europe,#F61C85,P779059
Mobile,#5651FF,#D1D1D1,Europe,#F61C85,P783188
Mobile,#5651FF,#D1D1D1,Europe,#F61C85,P784383
Mobile,#5651FF,#D1D1D1,Europe,#F61C85,P801139
Mobile,#5651FF,#D1D1D1,Europe,#F61C85,P803329
Mobile,#5651FF,#D1D1D1,Europe,#F61C85,P810435
Mobile,#5651FF,#D1D1D1,Europe,#F61C85,P815042
Mobile,#5651FF,#D1D1D1,Europe,#F61C85,P817073
Mobile,#5651FF,#D1D1D1,Europe,#F61C85,P819697
Mobile,#5651FF,#D1D1D1,Europe,#F61C85,P825700
Mobile,#5651FF,#D1D1D1,Europe,#F61C85,P827399
Mobile,#5651FF,#D1D1D1,Europe,#F61C85,P829234
Mobile,#5651FF,#D1D1D1,Europe,#F61C85,P829605
Mobile,#5651FF,#D1D1D1,Europe,#F61C85,P830830
Mobile,#5651FF,#D1D1D1,Europe,#F61C85,P831270
Mobile,#5651FF,#D1D1D1,Europe,#F61C85,P834924
Mobile,#5651FF,#D1D1D1,Europe,#F61C85,P835568
Mobile,#5651FF,#D1D1D1,Europe,#F61C85,P836719
Mobile,#5651FF,#D1D1D1,Europe,#F61C85,P850723
Mobile,#5651FF,#D1D1D1,Europe,#F61C85,P857309
Mobile,#5651FF,#D1D1D1,Europe,#F61C85,P859726
Mobile,#5651FF,#D1D1D1,Europe,#F61C85,P862054
Mobile,#5651FF,#D1D1D1,Europe,#F61C85,P862364
Mobile,#5651FF,#D1D1D1,Europe,#F61C85,P863907
Mobile,#5651FF,#D1D1D1,Europe,#F61C85,P864084
Mobile,#5651FF,#D1D1D1,Europe,#F61C85,P867796
Mobile,#5651FF,#D1D1D1,Europe,#F61C85,P86958
Mobile,#5651FF,#D1D1D1,Europe,#F61C85,P870140
Mobile,#5651FF,#D1D1D1,Europe,#F61C85,P872565
Mobile,#5651FF,#D1D1D1,Europe,#F61C85,P880547
Mobile,#5651FF,#D1D1D1,Europe,#F61C85,P884928
Mobile,#5651FF,#D1D1D1,Europe,#F61C85,P889336
Mobile,#5651FF,#D1D1D1,Europe,#F61C85,P891355
Mobile,#5651FF,#D1D1D1,Europe,#F61C85,P891451
Mobile,#5651FF,#D1D1D1,Europe,#F61C85,P89356
Mobile,#5651FF,#D1D1D1,Europe,#F61C85,P89490
Mobile,#5651FF,#D1D1D1,Europe,#F61C85,P89561
Mobile,#5651FF,#D1D1D1,Europe,#F61C85,P896922
Mobile,#5651FF,#D1D1D1,Europe,#F61C85,P898283
Mobile,#5651FF,#D1D1D1,Europe,#F61C85,P901064
Mobile,#5651FF,#D1D1D1,Europe,#F61C85,P902331
Mobile,#5651FF,#D1D1D1,Europe,#F61C85,P903509
Mobile,#5651FF,#D1D1D1,Europe,#F61C85,P907350
Mobile,#5651FF,#D1D1D1,Europe,#F61C85,P907737
Mobile,#5651FF,#D1D1D1,Europe,#F61C85,P913693
Mobile,#5651FF,#D1D1D1,Europe,#F61C85,P918026
Mobile,#5651FF,#D1D1D1,Europe,#F61C85,P920192
Mobile,#5651FF,#D1D1D1,Europe,#F61C85,P925873
Mobile,#5651FF,#D1D1D1,Europe,#F61C85,P93004
Mobile,#5651FF,#D1D1D1,Europe,#F61C85,P930280
Mobile,#5651FF,#D1D1D1,Europe,#F61C85,P939858
Mobile,#5651FF,#D1D1D1,Europe,#F61C85,P941580
Mobile,#5651FF,#D1D1D1,Europe,#F61C85,P941888
Mobile,#5651FF,#D1D1D1,Europe,#F61C85,P943409
Mobile,#5651FF,#D1D1D1,Europe,#F61C85,P943791
Mobile,#5651FF,#D1D1D1,Europe,#F61C85,P944785
Mobile,#5651FF,#D1D1D1,Europe,#F61C85,P946244
Mobile,#5651FF,#D1D1D1,Europe,#F61C85,P951977
Mobile,#5651FF,#D1D1D1,Europe,#F61C85,P952956
Mobile,#5651FF,#D1D1D1,Europe,#F61C85,P95513
Mobile,#5651FF,#D1D1D1,Europe,#F61C85,P962004
Mobile,#5651FF,#D1D1D1,Europe,#F61C85,P962341
Mobile,#5651FF,#D1D1D1,Europe,#F61C85,P964681
Mobile,#5651FF,#D1D1D1,Europe,#F61C85,P965861
Mobile,#5651FF,#D1D1D1,Europe,#F61C85,P965962
Mobile,#5651FF,#D1D1D1,Europe,#F61C85,P968848
Mobile,#5651FF,#D1D1D1,Europe,#F61C85,P97065
Mobile,#5651FF,#D1D1D1,Europe,#F61C85,P975271
Mobile,#5651FF,#D1D1D1,Europe,#F61C85,P976467
Mobile,#5651FF,#D1D1D1,Europe,#F61C85,P981995
Mobile,#5651FF,#D1D1D1,Europe,#F61C85,P984451
Mobile,#5651FF,#D1D1D1,Europe,#F61C85,P999146
PC,#00DABB,#D1D1D1,America,#00DABB,P105617
PC,#00DABB,#D1D1D1,America,#00DABB,P107261
PC,#00DABB,#D1D1D1,America,#00DABB,P112690
PC,#00DABB,#D1D1D1,America,#00DABB,P11297
PC,#00DABB,#D1D1D1,America,#00DABB,P11914
PC,#00DABB,#D1D1D1,America,#00DABB,P12363
PC,#00DABB,#D1D1D1,America,#00DABB,P12525
PC,#00DABB,#D1D1D1,America,#00DABB,P126919
PC,#00DABB,#D1D1D1,America,#00DABB,P130553
PC,#00DABB,#D1D1D1,America,#00DABB,P134340
PC,#00DABB,#D1D1D1,America,#00DABB,P135513
PC,#00DABB,#D1D1D1,America,#00DABB,P137273
PC,#00DABB,#D1D1D1,America,#00DABB,P138287
PC,#00DABB,#D1D1D1,America,#00DABB,P139705
PC,#00DABB,#D1D1D1,America,#00DABB,P147212
PC,#00DABB,#D1D1D1,America,#00DABB,P148367
PC,#00DABB,#D1D1D1,America,#00DABB,P151789
PC,#00DABB,#D1D1D1,America,#00DABB,P152619
PC,#00DABB,#D1D1D1,America,#00DABB,P1535
PC,#00DABB,#D1D1D1,America,#00DABB,P153807
PC,#00DABB,#D1D1D1,America,#00DABB,P154701
PC,#00DABB,#D1D1D1,America,#00DABB,P15959
PC,#00DABB,#D1D1D1,America,#00DABB,P162349
PC,#00DABB,#D1D1D1,America,#00DABB,P164501
PC,#00DABB,#D1D1D1,America,#00DABB,P17045
PC,#00DABB,#D1D1D1,America,#00DABB,P170926
PC,#00DABB,#D1D1D1,America,#00DABB,P172582
PC,#00DABB,#D1D1D1,America,#00DABB,P173723
PC,#00DABB,#D1D1D1,America,#00DABB,P180395
PC,#00DABB,#D1D1D1,America,#00DABB,P181346
PC,#00DABB,#D1D1D1,America,#00DABB,P182585
PC,#00DABB,#D1D1D1,America,#00DABB,P183020
PC,#00DABB,#D1D1D1,America,#00DABB,P18399
PC,#00DABB,#D1D1D1,America,#00DABB,P198242
PC,#00DABB,#D1D1D1,America,#00DABB,P206433
PC,#00DABB,#D1D1D1,America,#00DABB,P219990
PC,#00DABB,#D1D1D1,America,#00DABB,P2258
PC,#00DABB,#D1D1D1,America,#00DABB,P228076
PC,#00DABB,#D1D1D1,America,#00DABB,P231506
PC,#00DABB,#D1D1D1,America,#00DABB,P241866
PC,#00DABB,#D1D1D1,America,#00DABB,P249746
PC,#00DABB,#D1D1D1,America,#00DABB,P251787
PC,#00DABB,#D1D1D1,America,#00DABB,P257535
PC,#00DABB,#D1D1D1,America,#00DABB,P261862
PC,#00DABB,#D1D1D1,America,#00DABB,P26385
PC,#00DABB,#D1D1D1,America,#00DABB,P285684
PC,#00DABB,#D1D1D1,America,#00DABB,P286509
PC,#00DABB,#D1D1D1,America,#00DABB,P292608
PC,#00DABB,#D1D1D1,America,#00DABB,P296301
PC,#00DABB,#D1D1D1,America,#00DABB,P303097
PC,#00DABB,#D1D1D1,America,#00DABB,P304910
PC,#00DABB,#D1D1D1,America,#00DABB,P305505
PC,#00DABB,#D1D1D1,America,#00DABB,P31355
PC,#00DABB,#D1D1D1,America,#00DABB,P314052
PC,#00DABB,#D1D1D1,America,#00DABB,P314274
PC,#00DABB,#D1D1D1,America,#00DABB,P320816
PC,#00DABB,#D1D1D1,America,#00DABB,P321447
PC,#00DABB,#D1D1D1,America,#00DABB,P321940
PC,#00DABB,#D1D1D1,America,#00DABB,P32248
PC,#00DABB,#D1D1D1,America,#00DABB,P325503
PC,#00DABB,#D1D1D1,America,#00DABB,P328194
PC,#00DABB,#D1D1D1,America,#00DABB,P336952
PC,#00DABB,#D1D1D1,America,#00DABB,P339071
PC,#00DABB,#D1D1D1,America,#00DABB,P342064
PC,#00DABB,#D1D1D1,America,#00DABB,P343357
PC,#00DABB,#D1D1D1,America,#00DABB,P345457
PC,#00DABB,#D1D1D1,America,#00DABB,P347155
PC,#00DABB,#D1D1D1,America,#00DABB,P348701
PC,#00DABB,#D1D1D1,America,#00DABB,P358550
PC,#00DABB,#D1D1D1,America,#00DABB,P36742
PC,#00DABB,#D1D1D1,America,#00DABB,P370358
PC,#00DABB,#D1D1D1,America,#00DABB,P37890
PC,#00DABB,#D1D1D1,America,#00DABB,P380273
PC,#00DABB,#D1D1D1,America,#00DABB,P388270
PC,#00DABB,#D1D1D1,America,#00DABB,P393991
PC,#00DABB,#D1D1D1,America,#00DABB,P394482
PC,#00DABB,#D1D1D1,America,#00DABB,P404301
PC,#00DABB,#D1D1D1,America,#00DABB,P416132
PC,#00DABB,#D1D1D1,America,#00DABB,P416449
PC,#00DABB,#D1D1D1,America,#00DABB,P443176
PC,#00DABB,#D1D1D1,America,#00DABB,P447633
PC,#00DABB,#D1D1D1,America,#00DABB,P451193
PC,#00DABB,#D1D1D1,America,#00DABB,P453821
PC,#00DABB,#D1D1D1,America,#00DABB,P455338
PC,#00DABB,#D1D1D1,America,#00DABB,P461579
PC,#00DABB,#D1D1D1,America,#00DABB,P474362
PC,#00DABB,#D1D1D1,America,#00DABB,P476573
PC,#00DABB,#D1D1D1,America,#00DABB,P479935
PC,#00DABB,#D1D1D1,America,#00DABB,P499298
PC,#00DABB,#D1D1D1,America,#00DABB,P503502
PC,#00DABB,#D1D1D1,America,#00DABB,P512690
PC,#00DABB,#D1D1D1,America,#00DABB,P514323
PC,#00DABB,#D1D1D1,America,#00DABB,P515084
PC,#00DABB,#D1D1D1,America,#00DABB,P52309
PC,#00DABB,#D1D1D1,America,#00DABB,P523409
PC,#00DABB,#D1D1D1,America,#00DABB,P534128
PC,#00DABB,#D1D1D1,America,#00DABB,P542078
PC,#00DABB,#D1D1D1,America,#00DABB,P548505
PC,#00DABB,#D1D1D1,America,#00DABB,P552242
PC,#00DABB,#D1D1D1,America,#00DABB,P555148
PC,#00DABB,#D1D1D1,America,#00DABB,P563992
PC,#00DABB,#D1D1D1,America,#00DABB,P571958
PC,#00DABB,#D1D1D1,America,#00DABB,P58656
PC,#00DABB,#D1D1D1,America,#00DABB,P586883
PC,#00DABB,#D1D1D1,America,#00DABB,P591192
PC,#00DABB,#D1D1D1,America,#00DABB,P597806
PC,#00DABB,#D1D1D1,America,#00DABB,P604866
PC,#00DABB,#D1D1D1,America,#00DABB,P605113
PC,#00DABB,#D1D1D1,America,#00DABB,P607938
PC,#00DABB,#D1D1D1,America,#00DABB,P616392
PC,#00DABB,#D1D1D1,America,#00DABB,P619005
PC,#00DABB,#D1D1D1,America,#00DABB,P621164
PC,#00DABB,#D1D1D1,America,#00DABB,P632482
PC,#00DABB,#D1D1D1,America,#00DABB,P642759
PC,#00DABB,#D1D1D1,America,#00DABB,P64319
PC,#00DABB,#D1D1D1,America,#00DABB,P643743
PC,#00DABB,#D1D1D1,America,#00DABB,P643949
PC,#00DABB,#D1D1D1,America,#00DABB,P644184
PC,#00DABB,#D1D1D1,America,#00DABB,P648924
PC,#00DABB,#D1D1D1,America,#00DABB,P650552
PC,#00DABB,#D1D1D1,America,#00DABB,P652367
PC,#00DABB,#D1D1D1,America,#00DABB,P654995
PC,#00DABB,#D1D1D1,America,#00DABB,P660062
PC,#00DABB,#D1D1D1,America,#00DABB,P660361
PC,#00DABB,#D1D1D1,America,#00DABB,P668647
PC,#00DABB,#D1D1D1,America,#00DABB,P669690
PC,#00DABB,#D1D1D1,America,#00DABB,P674282
PC,#00DABB,#D1D1D1,America,#00DABB,P676434
PC,#00DABB,#D1D1D1,America,#00DABB,P688410
PC,#00DABB,#D1D1D1,America,#00DABB,P689833
PC,#00DABB,#D1D1D1,America,#00DABB,P699246
PC,#00DABB,#D1D1D1,America,#00DABB,P706141
PC,#00DABB,#D1D1D1,America,#00DABB,P706750
PC,#00DABB,#D1D1D1,America,#00DABB,P72257
PC,#00DABB,#D1D1D1,America,#00DABB,P723552
PC,#00DABB,#D1D1D1,America,#00DABB,P724985
PC,#00DABB,#D1D1D1,America,#00DABB,P726729
PC,#00DABB,#D1D1D1,America,#00DABB,P727712
PC,#00DABB,#D1D1D1,America,#00DABB,P728607
PC,#00DABB,#D1D1D1,America,#00DABB,P731574
PC,#00DABB,#D1D1D1,America,#00DABB,P735325
PC,#00DABB,#D1D1D1,America,#00DABB,P742590
PC,#00DABB,#D1D1D1,America,#00DABB,P745216
PC,#00DABB,#D1D1D1,America,#00DABB,P752101
PC,#00DABB,#D1D1D1,America,#00DABB,P771138
PC,#00DABB,#D1D1D1,America,#00DABB,P777516
PC,#00DABB,#D1D1D1,America,#00DABB,P778972
PC,#00DABB,#D1D1D1,America,#00DABB,P782106
PC,#00DABB,#D1D1D1,America,#00DABB,P799520
PC,#00DABB,#D1D1D1,America,#00DABB,P802625
PC,#00DABB,#D1D1D1,America,#00DABB,P805647
PC,#00DABB,#D1D1D1,America,#00DABB,P805874
PC,#00DABB,#D1D1D1,America,#00DABB,P809581
PC,#00DABB,#D1D1D1,America,#00DABB,P819385
PC,#00DABB,#D1D1D1,America,#00DABB,P820707
PC,#00DABB,#D1D1D1,America,#00DABB,P852724
PC,#00DABB,#D1D1D1,America,#00DABB,P857401
PC,#00DABB,#D1D1D1,America,#00DABB,P865323
PC,#00DABB,#D1D1D1,America,#00DABB,P871788
PC,#00DABB,#D1D1D1,America,#00DABB,P872566
PC,#00DABB,#D1D1D1,America,#00DABB,P880169
PC,#00DABB,#D1D1D1,America,#00DABB,P888759
PC,#00DABB,#D1D1D1,America,#00DABB,P891037
PC,#00DABB,#D1D1D1,America,#00DABB,P897336
PC,#00DABB,#D1D1D1,America,#00DABB,P897865
PC,#00DABB,#D1D1D1,America,#00DABB,P901056
PC,#00DABB,#D1D1D1,America,#00DABB,P9051
PC,#00DABB,#D1D1D1,America,#00DABB,P909879
PC,#00DABB,#D1D1D1,America,#00DABB,P911125
PC,#00DABB,#D1D1D1,America,#00DABB,P91260
PC,#00DABB,#D1D1D1,America,#00DABB,P919900
PC,#00DABB,#D1D1D1,America,#00DABB,P924715
PC,#00DABB,#D1D1D1,America,#00DABB,P930621
PC,#00DABB,#D1D1D1,America,#00DABB,P936416
PC,#00DABB,#D1D1D1,America,#00DABB,P936912
PC,#00DABB,#D1D1D1,America,#00DABB,P937771
PC,#00DABB,#D1D1D1,America,#00DABB,P940426
PC,#00DABB,#D1D1D1,America,#00DABB,P944017
PC,#00DABB,#D1D1D1,America,#00DABB,P946260
PC,#00DABB,#D1D1D1,America,#00DABB,P954456
PC,#00DABB,#D1D1D1,America,#00DABB,P956433
PC,#00DABB,#D1D1D1,America,#00DABB,P957035
PC,#00DABB,#D1D1D1,America,#00DABB,P960114
PC,#00DABB,#D1D1D1,America,#00DABB,P9678
PC,#00DABB,#D1D1D1,America,#00DABB,P97259
PC,#00DABB,#D1D1D1,America,#00DABB,P977112
PC,#00DABB,#D1D1D1,America,#00DABB,P999841
PC,#00DABB,#D1D1D1,Asia,#5651FF,P102274
PC,#00DABB,#D1D1D1,Asia,#5651FF,P10511
PC,#00DABB,#D1D1D1,Asia,#5651FF,P109415
PC,#00DABB,#D1D1D1,Asia,#5651FF,P110205
PC,#00DABB,#D1D1D1,Asia,#5651FF,P111171
PC,#00DABB,#D1D1D1,Asia,#5651FF,P115088
PC,#00DABB,#D1D1D1,Asia,#5651FF,P115533
PC,#00DABB,#D1D1D1,Asia,#5651FF,P132017
PC,#00DABB,#D1D1D1,Asia,#5651FF,P135365
PC,#00DABB,#D1D1D1,Asia,#5651FF,P142717
PC,#00DABB,#D1D1D1,Asia,#5651FF,P146364
PC,#00DABB,#D1D1D1,Asia,#5651FF,P157002
PC,#00DABB,#D1D1D1,Asia,#5651FF,P1656
PC,#00DABB,#D1D1D1,Asia,#5651FF,P171325
PC,#00DABB,#D1D1D1,Asia,#5651FF,P172859
PC,#00DABB,#D1D1D1,Asia,#5651FF,P175196
PC,#00DABB,#D1D1D1,Asia,#5651FF,P175317
PC,#00DABB,#D1D1D1,Asia,#5651FF,P176895
PC,#00DABB,#D1D1D1,Asia,#5651FF,P179298
PC,#00DABB,#D1D1D1,Asia,#5651FF,P180515
PC,#00DABB,#D1D1D1,Asia,#5651FF,P181594
PC,#00DABB,#D1D1D1,Asia,#5651FF,P183986
PC,#00DABB,#D1D1D1,Asia,#5651FF,P185214
PC,#00DABB,#D1D1D1,Asia,#5651FF,P191271
PC,#00DABB,#D1D1D1,Asia,#5651FF,P192949
PC,#00DABB,#D1D1D1,Asia,#5651FF,P194526
PC,#00DABB,#D1D1D1,Asia,#5651FF,P19505
PC,#00DABB,#D1D1D1,Asia,#5651FF,P201881
PC,#00DABB,#D1D1D1,Asia,#5651FF,P206823
PC,#00DABB,#D1D1D1,Asia,#5651FF,P207928
PC,#00DABB,#D1D1D1,Asia,#5651FF,P216917
PC,#00DABB,#D1D1D1,Asia,#5651FF,P217347
PC,#00DABB,#D1D1D1,Asia,#5651FF,P220077
PC,#00DABB,#D1D1D1,Asia,#5651FF,P230506
PC,#00DABB,#D1D1D1,Asia,#5651FF,P233332
PC,#00DABB,#D1D1D1,Asia,#5651FF,P234325
PC,#00DABB,#D1D1D1,Asia,#5651FF,P24082
PC,#00DABB,#D1D1D1,Asia,#5651FF,P241188
PC,#00DABB,#D1D1D1,Asia,#5651FF,P241769
PC,#00DABB,#D1D1D1,Asia,#5651FF,P24633
PC,#00DABB,#D1D1D1,Asia,#5651FF,P248077
PC,#00DABB,#D1D1D1,Asia,#5651FF,P250448
PC,#00DABB,#D1D1D1,Asia,#5651FF,P252132
PC,#00DABB,#D1D1D1,Asia,#5651FF,P252756
PC,#00DABB,#D1D1D1,Asia,#5651FF,P25500
PC,#00DABB,#D1D1D1,Asia,#5651FF,P256487
PC,#00DABB,#D1D1D1,Asia,#5651FF,P26095
PC,#00DABB,#D1D1D1,Asia,#5651FF,P262648
PC,#00DABB,#D1D1D1,Asia,#5651FF,P265538
PC,#00DABB,#D1D1D1,Asia,#5651FF,P269743
PC,#00DABB,#D1D1D1,Asia,#5651FF,P270530
PC,#00DABB,#D1D1D1,Asia,#5651FF,P272146
PC,#00DABB,#D1D1D1,Asia,#5651FF,P280515
PC,#00DABB,#D1D1D1,Asia,#5651FF,P282679
PC,#00DABB,#D1D1D1,Asia,#5651FF,P283431
PC,#00DABB,#D1D1D1,Asia,#5651FF,P289999
PC,#00DABB,#D1D1D1,Asia,#5651FF,P293866
PC,#00DABB,#D1D1D1,Asia,#5651FF,P299925
PC,#00DABB,#D1D1D1,Asia,#5651FF,P302345
PC,#00DABB,#D1D1D1,Asia,#5651FF,P30767
PC,#00DABB,#D1D1D1,Asia,#5651FF,P317291
PC,#00DABB,#D1D1D1,Asia,#5651FF,P323839
PC,#00DABB,#D1D1D1,Asia,#5651FF,P325918
PC,#00DABB,#D1D1D1,Asia,#5651FF,P329441
PC,#00DABB,#D1D1D1,Asia,#5651FF,P330142
PC,#00DABB,#D1D1D1,Asia,#5651FF,P331172
PC,#00DABB,#D1D1D1,Asia,#5651FF,P332785
PC,#00DABB,#D1D1D1,Asia,#5651FF,P334877
PC,#00DABB,#D1D1D1,Asia,#5651FF,P340645
PC,#00DABB,#D1D1D1,Asia,#5651FF,P341271
PC,#00DABB,#D1D1D1,Asia,#5651FF,P341801
PC,#00DABB,#D1D1D1,Asia,#5651FF,P343455
PC,#00DABB,#D1D1D1,Asia,#5651FF,P351780
PC,#00DABB,#D1D1D1,Asia,#5651FF,P353526
PC,#00DABB,#D1D1D1,Asia,#5651FF,P358349
PC,#00DABB,#D1D1D1,Asia,#5651FF,P365712
PC,#00DABB,#D1D1D1,Asia,#5651FF,P36970
PC,#00DABB,#D1D1D1,Asia,#5651FF,P373023
PC,#00DABB,#D1D1D1,Asia,#5651FF,P375285
PC,#00DABB,#D1D1D1,Asia,#5651FF,P377748
PC,#00DABB,#D1D1D1,Asia,#5651FF,P380344
PC,#00DABB,#D1D1D1,Asia,#5651FF,P382799
PC,#00DABB,#D1D1D1,Asia,#5651FF,P382938
PC,#00DABB,#D1D1D1,Asia,#5651FF,P387362
PC,#00DABB,#D1D1D1,Asia,#5651FF,P388155
PC,#00DABB,#D1D1D1,Asia,#5651FF,P388573
PC,#00DABB,#D1D1D1,Asia,#5651FF,P388710
PC,#00DABB,#D1D1D1,Asia,#5651FF,P39396
PC,#00DABB,#D1D1D1,Asia,#5651FF,P40527
PC,#00DABB,#D1D1D1,Asia,#5651FF,P410520
PC,#00DABB,#D1D1D1,Asia,#5651FF,P413098
PC,#00DABB,#D1D1D1,Asia,#5651FF,P416180
PC,#00DABB,#D1D1D1,Asia,#5651FF,P4190
PC,#00DABB,#D1D1D1,Asia,#5651FF,P424761
PC,#00DABB,#D1D1D1,Asia,#5651FF,P42803
PC,#00DABB,#D1D1D1,Asia,#5651FF,P429635
PC,#00DABB,#D1D1D1,Asia,#5651FF,P43606
PC,#00DABB,#D1D1D1,Asia,#5651FF,P437310
PC,#00DABB,#D1D1D1,Asia,#5651FF,P440591
PC,#00DABB,#D1D1D1,Asia,#5651FF,P441087
PC,#00DABB,#D1D1D1,Asia,#5651FF,P441895
PC,#00DABB,#D1D1D1,Asia,#5651FF,P441966
PC,#00DABB,#D1D1D1,Asia,#5651FF,P444719
PC,#00DABB,#D1D1D1,Asia,#5651FF,P444832
PC,#00DABB,#D1D1D1,Asia,#5651FF,P446734
PC,#00DABB,#D1D1D1,Asia,#5651FF,P44715
PC,#00DABB,#D1D1D1,Asia,#5651FF,P447167
PC,#00DABB,#D1D1D1,Asia,#5651FF,P450306
PC,#00DABB,#D1D1D1,Asia,#5651FF,P451216
PC,#00DABB,#D1D1D1,Asia,#5651FF,P473007
PC,#00DABB,#D1D1D1,Asia,#5651FF,P4739
PC,#00DABB,#D1D1D1,Asia,#5651FF,P474081
PC,#00DABB,#D1D1D1,Asia,#5651FF,P47504
PC,#00DABB,#D1D1D1,Asia,#5651FF,P484445
PC,#00DABB,#D1D1D1,Asia,#5651FF,P488269
PC,#00DABB,#D1D1D1,Asia,#5651FF,P490022
PC,#00DABB,#D1D1D1,Asia,#5651FF,P49184
PC,#00DABB,#D1D1D1,Asia,#5651FF,P496033
PC,#00DABB,#D1D1D1,Asia,#5651FF,P498473
PC,#00DABB,#D1D1D1,Asia,#5651FF,P498863
PC,#00DABB,#D1D1D1,Asia,#5651FF,P500743
PC,#00DABB,#D1D1D1,Asia,#5651FF,P507589
PC,#00DABB,#D1D1D1,Asia,#5651FF,P509145
PC,#00DABB,#D1D1D1,Asia,#5651FF,P510890
PC,#00DABB,#D1D1D1,Asia,#5651FF,P511282
PC,#00DABB,#D1D1D1,Asia,#5651FF,P513948
PC,#00DABB,#D1D1D1,Asia,#5651FF,P519420
PC,#00DABB,#D1D1D1,Asia,#5651FF,P524139
PC,#00DABB,#D1D1D1,Asia,#5651FF,P52686
PC,#00DABB,#D1D1D1,Asia,#5651FF,P527307
PC,#00DABB,#D1D1D1,Asia,#5651FF,P527635
PC,#00DABB,#D1D1D1,Asia,#5651FF,P528134
PC,#00DABB,#D1D1D1,Asia,#5651FF,P529317
PC,#00DABB,#D1D1D1,Asia,#5651FF,P529805
PC,#00DABB,#D1D1D1,Asia,#5651FF,P529895
PC,#00DABB,#D1D1D1,Asia,#5651FF,P537631
PC,#00DABB,#D1D1D1,Asia,#5651FF,P538127
PC,#00DABB,#D1D1D1,Asia,#5651FF,P547613
PC,#00DABB,#D1D1D1,Asia,#5651FF,P547813
PC,#00DABB,#D1D1D1,Asia,#5651FF,P552216
PC,#00DABB,#D1D1D1,Asia,#5651FF,P552958
PC,#00DABB,#D1D1D1,Asia,#5651FF,P556371
PC,#00DABB,#D1D1D1,Asia,#5651FF,P565127
PC,#00DABB,#D1D1D1,Asia,#5651FF,P566551
PC,#00DABB,#D1D1D1,Asia,#5651FF,P575203
PC,#00DABB,#D1D1D1,Asia,#5651FF,P582156
PC,#00DABB,#D1D1D1,Asia,#5651FF,P584771
PC,#00DABB,#D1D1D1,Asia,#5651FF,P586270
PC,#00DABB,#D1D1D1,Asia,#5651FF,P586511
PC,#00DABB,#D1D1D1,Asia,#5651FF,P587412
PC,#00DABB,#D1D1D1,Asia,#5651FF,P588381
PC,#00DABB,#D1D1D1,Asia,#5651FF,P590606
PC,#00DABB,#D1D1D1,Asia,#5651FF,P594639
PC,#00DABB,#D1D1D1,Asia,#5651FF,P598464
PC,#00DABB,#D1D1D1,Asia,#5651FF,P603229
PC,#00DABB,#D1D1D1,Asia,#5651FF,P605853
PC,#00DABB,#D1D1D1,Asia,#5651FF,P607850
PC,#00DABB,#D1D1D1,Asia,#5651FF,P609792
PC,#00DABB,#D1D1D1,Asia,#5651FF,P610358
PC,#00DABB,#D1D1D1,Asia,#5651FF,P611642
PC,#00DABB,#D1D1D1,Asia,#5651FF,P61394
PC,#00DABB,#D1D1D1,Asia,#5651FF,P617392
PC,#00DABB,#D1D1D1,Asia,#5651FF,P619385
PC,#00DABB,#D1D1D1,Asia,#5651FF,P624459
PC,#00DABB,#D1D1D1,Asia,#5651FF,P632925
PC,#00DABB,#D1D1D1,Asia,#5651FF,P636261
PC,#00DABB,#D1D1D1,Asia,#5651FF,P639300
PC,#00DABB,#D1D1D1,Asia,#5651FF,P643473
PC,#00DABB,#D1D1D1,Asia,#5651FF,P645957
PC,#00DABB,#D1D1D1,Asia,#5651FF,P64689
PC,#00DABB,#D1D1D1,Asia,#5651FF,P650863
PC,#00DABB,#D1D1D1,Asia,#5651FF,P660842
PC,#00DABB,#D1D1D1,Asia,#5651FF,P662484
PC,#00DABB,#D1D1D1,Asia,#5651FF,P666276
PC,#00DABB,#D1D1D1,Asia,#5651FF,P667890
PC,#00DABB,#D1D1D1,Asia,#5651FF,P676208
PC,#00DABB,#D1D1D1,Asia,#5651FF,P679023
PC,#00DABB,#D1D1D1,Asia,#5651FF,P679870
PC,#00DABB,#D1D1D1,Asia,#5651FF,P680919
PC,#00DABB,#D1D1D1,Asia,#5651FF,P687503
PC,#00DABB,#D1D1D1,Asia,#5651FF,P690732
PC,#00DABB,#D1D1D1,Asia,#5651FF,P691724
PC,#00DABB,#D1D1D1,Asia,#5651FF,P692207
PC,#00DABB,#D1D1D1,Asia,#5651FF,P694515
PC,#00DABB,#D1D1D1,Asia,#5651FF,P696268
PC,#00DABB,#D1D1D1,Asia,#5651FF,P697616
PC,#00DABB,#D1D1D1,Asia,#5651FF,P700316
PC,#00DABB,#D1D1D1,Asia,#5651FF,P700505
PC,#00DABB,#D1D1D1,Asia,#5651FF,P712231
PC,#00DABB,#D1D1D1,Asia,#5651FF,P712611
PC,#00DABB,#D1D1D1,Asia,#5651FF,P713051
PC,#00DABB,#D1D1D1,Asia,#5651FF,P719554
PC,#00DABB,#D1D1D1,Asia,#5651FF,P721470
PC,#00DABB,#D1D1D1,Asia,#5651FF,P722339
PC,#00DABB,#D1D1D1,Asia,#5651FF,P727293
PC,#00DABB,#D1D1D1,Asia,#5651FF,P72772
PC,#00DABB,#D1D1D1,Asia,#5651FF,P727839
PC,#00DABB,#D1D1D1,Asia,#5651FF,P730827
PC,#00DABB,#D1D1D1,Asia,#5651FF,P73224
PC,#00DABB,#D1D1D1,Asia,#5651FF,P738094
PC,#00DABB,#D1D1D1,Asia,#5651FF,P739608
PC,#00DABB,#D1D1D1,Asia,#5651FF,P747873
PC,#00DABB,#D1D1D1,Asia,#5651FF,P750689
PC,#00DABB,#D1D1D1,Asia,#5651FF,P752055
PC,#00DABB,#D1D1D1,Asia,#5651FF,P754951
PC,#00DABB,#D1D1D1,Asia,#5651FF,P758363
PC,#00DABB,#D1D1D1,Asia,#5651FF,P762969
PC,#00DABB,#D1D1D1,Asia,#5651FF,P766794
PC,#00DABB,#D1D1D1,Asia,#5651FF,P768528
PC,#00DABB,#D1D1D1,Asia,#5651FF,P780341
PC,#00DABB,#D1D1D1,Asia,#5651FF,P784112
PC,#00DABB,#D1D1D1,Asia,#5651FF,P784983
PC,#00DABB,#D1D1D1,Asia,#5651FF,P78559
PC,#00DABB,#D1D1D1,Asia,#5651FF,P785694
PC,#00DABB,#D1D1D1,Asia,#5651FF,P78923
PC,#00DABB,#D1D1D1,Asia,#5651FF,P792067
PC,#00DABB,#D1D1D1,Asia,#5651FF,P800143
PC,#00DABB,#D1D1D1,Asia,#5651FF,P801143
PC,#00DABB,#D1D1D1,Asia,#5651FF,P806110
PC,#00DABB,#D1D1D1,Asia,#5651FF,P807656
PC,#00DABB,#D1D1D1,Asia,#5651FF,P80787
PC,#00DABB,#D1D1D1,Asia,#5651FF,P81229
PC,#00DABB,#D1D1D1,Asia,#5651FF,P814048
PC,#00DABB,#D1D1D1,Asia,#5651FF,P816658
PC,#00DABB,#D1D1D1,Asia,#5651FF,P823342
PC,#00DABB,#D1D1D1,Asia,#5651FF,P824908
PC,#00DABB,#D1D1D1,Asia,#5651FF,P829564
PC,#00DABB,#D1D1D1,Asia,#5651FF,P833492
PC,#00DABB,#D1D1D1,Asia,#5651FF,P83531
PC,#00DABB,#D1D1D1,Asia,#5651FF,P838215
PC,#00DABB,#D1D1D1,Asia,#5651FF,P841721
PC,#00DABB,#D1D1D1,Asia,#5651FF,P843808
PC,#00DABB,#D1D1D1,Asia,#5651FF,P846738
PC,#00DABB,#D1D1D1,Asia,#5651FF,P860309
PC,#00DABB,#D1D1D1,Asia,#5651FF,P872114
PC,#00DABB,#D1D1D1,Asia,#5651FF,P876809
PC,#00DABB,#D1D1D1,Asia,#5651FF,P879976
PC,#00DABB,#D1D1D1,Asia,#5651FF,P885879
PC,#00DABB,#D1D1D1,Asia,#5651FF,P886107
PC,#00DABB,#D1D1D1,Asia,#5651FF,P886409
PC,#00DABB,#D1D1D1,Asia,#5651FF,P892685
PC,#00DABB,#D1D1D1,Asia,#5651FF,P894844
PC,#00DABB,#D1D1D1,Asia,#5651FF,P899967
PC,#00DABB,#D1D1D1,Asia,#5651FF,P900709
PC,#00DABB,#D1D1D1,Asia,#5651FF,P907226
PC,#00DABB,#D1D1D1,Asia,#5651FF,P911027
PC,#00DABB,#D1D1D1,Asia,#5651FF,P917979
PC,#00DABB,#D1D1D1,Asia,#5651FF,P918165
PC,#00DABB,#D1D1D1,Asia,#5651FF,P927416
PC,#00DABB,#D1D1D1,Asia,#5651FF,P928143
PC,#00DABB,#D1D1D1,Asia,#5651FF,P929839
PC,#00DABB,#D1D1D1,Asia,#5651FF,P930409
PC,#00DABB,#D1D1D1,Asia,#5651FF,P930550
PC,#00DABB,#D1D1D1,Asia,#5651FF,P932116
PC,#00DABB,#D1D1D1,Asia,#5651FF,P936516
PC,#00DABB,#D1D1D1,Asia,#5651FF,P940915
PC,#00DABB,#D1D1D1,Asia,#5651FF,P942104
PC,#00DABB,#D1D1D1,Asia,#5651FF,P953956
PC,#00DABB,#D1D1D1,Asia,#5651FF,P959387
PC,#00DABB,#D1D1D1,Asia,#5651FF,P965454
PC,#00DABB,#D1D1D1,Asia,#5651FF,P967646
PC,#00DABB,#D1D1D1,Asia,#5651FF,P968675
PC,#00DABB,#D1D1D1,Asia,#5651FF,P974018
PC,#00DABB,#D1D1D1,Asia,#5651FF,P975616
PC,#00DABB,#D1D1D1,Asia,#5651FF,P975824
PC,#00DABB,#D1D1D1,Asia,#5651FF,P982217
PC,#00DABB,#D1D1D1,Asia,#5651FF,P986002
PC,#00DABB,#D1D1D1,Asia,#5651FF,P989547
PC,#00DABB,#D1D1D1,Europe,#F61C85,P107662
PC,#00DABB,#D1D1D1,Europe,#F61C85,P115676
PC,#00DABB,#D1D1D1,Europe,#F61C85,P118989
PC,#00DABB,#D1D1D1,Europe,#F61C85,P123290
PC,#00DABB,#D1D1D1,Europe,#F61C85,P186809
PC,#00DABB,#D1D1D1,Europe,#F61C85,P189400
PC,#00DABB,#D1D1D1,Europe,#F61C85,P206406
PC,#00DABB,#D1D1D1,Europe,#F61C85,P214755
PC,#00DABB,#D1D1D1,Europe,#F61C85,P241390
PC,#00DABB,#D1D1D1,Europe,#F61C85,P243147
PC,#00DABB,#D1D1D1,Europe,#F61C85,P255714
PC,#00DABB,#D1D1D1,Europe,#F61C85,P271730
PC,#00DABB,#D1D1D1,Europe,#F61C85,P273374
PC,#00DABB,#D1D1D1,Europe,#F61C85,P293387
PC,#00DABB,#D1D1D1,Europe,#F61C85,P297435
PC,#00DABB,#D1D1D1,Europe,#F61C85,P299278
PC,#00DABB,#D1D1D1,Europe,#F61C85,P304255
PC,#00DABB,#D1D1D1,Europe,#F61C85,P305478
PC,#00DABB,#D1D1D1,Europe,#F61C85,P346319
PC,#00DABB,#D1D1D1,Europe,#F61C85,P365331
PC,#00DABB,#D1D1D1,Europe,#F61C85,P378883
PC,#00DABB,#D1D1D1,Europe,#F61C85,P405249
PC,#00DABB,#D1D1D1,Europe,#F61C85,P430736
PC,#00DABB,#D1D1D1,Europe,#F61C85,P431135
PC,#00DABB,#D1D1D1,Europe,#F61C85,P434751
PC,#00DABB,#D1D1D1,Europe,#F61C85,P440554
PC,#00DABB,#D1D1D1,Europe,#F61C85,P466564
PC,#00DABB,#D1D1D1,Europe,#F61C85,P469675
PC,#00DABB,#D1D1D1,Europe,#F61C85,P476382
PC,#00DABB,#D1D1D1,Europe,#F61C85,P479279
PC,#00DABB,#D1D1D1,Europe,#F61C85,P496392
PC,#00DABB,#D1D1D1,Europe,#F61C85,P510427
PC,#00DABB,#D1D1D1,Europe,#F61C85,P512667
PC,#00DABB,#D1D1D1,Europe,#F61C85,P520542
PC,#00DABB,#D1D1D1,Europe,#F61C85,P523402
PC,#00DABB,#D1D1D1,Europe,#F61C85,P552295
PC,#00DABB,#D1D1D1,Europe,#F61C85,P560574
PC,#00DABB,#D1D1D1,Europe,#F61C85,P563623
PC,#00DABB,#D1D1D1,Europe,#F61C85,P574110
PC,#00DABB,#D1D1D1,Europe,#F61C85,P583948
PC,#00DABB,#D1D1D1,Europe,#F61C85,P584618
PC,#00DABB,#D1D1D1,Europe,#F61C85,P585265
PC,#00DABB,#D1D1D1,Europe,#F61C85,P593461
PC,#00DABB,#D1D1D1,Europe,#F61C85,P594309
PC,#00DABB,#D1D1D1,Europe,#F61C85,P600241
PC,#00DABB,#D1D1D1,Europe,#F61C85,P604134
PC,#00DABB,#D1D1D1,Europe,#F61C85,P609373
PC,#00DABB,#D1D1D1,Europe,#F61C85,P61865
PC,#00DABB,#D1D1D1,Europe,#F61C85,P62804
PC,#00DABB,#D1D1D1,Europe,#F61C85,P628329
PC,#00DABB,#D1D1D1,Europe,#F61C85,P629152
PC,#00DABB,#D1D1D1,Europe,#F61C85,P649777
PC,#00DABB,#D1D1D1,Europe,#F61C85,P662726
PC,#00DABB,#D1D1D1,Europe,#F61C85,P669870
PC,#00DABB,#D1D1D1,Europe,#F61C85,P694455
PC,#00DABB,#D1D1D1,Europe,#F61C85,P699521
PC,#00DABB,#D1D1D1,Europe,#F61C85,P703996
PC,#00DABB,#D1D1D1,Europe,#F61C85,P715422
PC,#00DABB,#D1D1D1,Europe,#F61C85,P728402
PC,#00DABB,#D1D1D1,Europe,#F61C85,P746359
PC,#00DABB,#D1D1D1,Europe,#F61C85,P746939
PC,#00DABB,#D1D1D1,Europe,#F61C85,P754524
PC,#00DABB,#D1D1D1,Europe,#F61C85,P755585
PC,#00DABB,#D1D1D1,Europe,#F61C85,P755838
PC,#00DABB,#D1D1D1,Europe,#F61C85,P771741
PC,#00DABB,#D1D1D1,Europe,#F61C85,P78087
PC,#00DABB,#D1D1D1,Europe,#F61C85,P786639
PC,#00DABB,#D1D1D1,Europe,#F61C85,P810803
PC,#00DABB,#D1D1D1,Europe,#F61C85,P81307
PC,#00DABB,#D1D1D1,Europe,#F61C85,P821821
PC,#00DABB,#D1D1D1,Europe,#F61C85,P825604
PC,#00DABB,#D1D1D1,Europe,#F61C85,P833466
PC,#00DABB,#D1D1D1,Europe,#F61C85,P836438
PC,#00DABB,#D1D1D1,Europe,#F61C85,P836840
PC,#00DABB,#D1D1D1,Europe,#F61C85,P86904
PC,#00DABB,#D1D1D1,Europe,#F61C85,P869513
PC,#00DABB,#D1D1D1,Europe,#F61C85,P873295
PC,#00DABB,#D1D1D1,Europe,#F61C85,P876651
PC,#00DABB,#D1D1D1,Europe,#F61C85,P891373
PC,#00DABB,#D1D1D1,Europe,#F61C85,P895338
PC,#00DABB,#D1D1D1,Europe,#F61C85,P897047
PC,#00DABB,#D1D1D1,Europe,#F61C85,P900663
PC,#00DABB,#D1D1D1,Europe,#F61C85,P93396
PC,#00DABB,#D1D1D1,Europe,#F61C85,P939529
PC,#00DABB,#D1D1D1,Europe,#F61C85,P942739
PC,#00DABB,#D1D1D1,Europe,#F61C85,P942803
PC,#00DABB,#D1D1D1,Europe,#F61C85,P968556
PC,#00DABB,#D1D1D1,Europe,#F61C85,P985687
PC,#00DABB,#D1D1D1,Europe,#F61C85,P988705
PC,#00DABB,#D1D1D1,Europe,#F61C85,P989975
